0.0009731174721903158,0.0033806775146950226,0.4266176743515919,0.052097826282043326,-0.047367125679722184,0.6737823009458259,0.735567524319607,0.28274959268031735,0.05556751951782766,0.12202185518857225,-0.4198005128107777,0.1599864765952479,0.0,0.3214311560799027,0.018534739354475756,-0.057547963544313706,-0.4864799496139685,0.18743332927471676,0.0
0.0009427572770058387,0.003317539486373777,0.4266263490845674,0.05342574631553293,-0.048332422233485155,0.6747519173308624,0.7345199225684741,0.2871481126291982,0.054485136676681103,0.12126649889728432,-0.42049424211776526,0.1609512498091243,0.0,0.3242394610919965,0.017745627396819875,-0.056768249482716165,-0.48616487315498025,0.19032657913939793,0.0
0.0009435107062540672,0.003360876370488387,0.4266102396953945,0.0544956704203023,-0.04872728117320677,0.6743769257189435,0.7347595770269179,0.28934241287998147,0.053347026073349776,0.12069570518535054,-0.42043607564650975,0.1604562063443226,0.0,0.32582256949651694,0.016202952902499967,-0.05674168627392776,-0.48337755015700895,0.19086017282493026,0.0
0.0007124495059882255,0.003412817724582911,0.42661219311900866,0.055236101989003354,-0.049095703909204494,0.6741376039781952,0.7348993644011795,0.2910520800582843,0.05177980838059279,0.12015803447566867,-0.42022177004430294,0.16034475943503684,0.0,0.3264864153714539,0.014381048169996902,-0.05628294152117795,-0.4804950263842996,0.19011522239943487,0.0
0.00047015332820061595,0.003265208883529943,0.4266101270554943,0.056083461318350104,-0.049534731777584884,0.6745238921773032,0.7344511383313781,0.2920970950135888,0.05018044354877784,0.12027300372674872,-0.41865282319134717,0.16074158021233784,0.0,0.32588591254748117,0.012748644531966712,-0.058040515063317186,-0.47696463087151103,0.18965077880792802,0.0
0.00015081683862040382,0.003151579156007533,0.4266081327723322,0.05647517989561206,-0.049789818918585034,0.6746348032245689,0.7343019884665707,0.29249312214742834,0.04888413226926326,0.11985604691477089,-0.4179104973533494,0.16141207324400725,0.0,0.3249333330465507,0.011131238779194594,-0.05959089581729153,-0.47426977998555025,0.18868531741464498,0.0
4.0048630826869304e-05,0.0031377741191249064,0.4266082684909783,0.0568251043533071,-0.04994807993598336,0.6745874347807481,0.7343077622236293,0.2930230822815371,0.04839392007278037,0.12100612352417231,-0.41741576320047036,0.16153959912126611,0.0,0.3251140344838261,0.010149625833088809,-0.06210972788605837,-0.47325994101769536,0.18778812694478791,0.0
-0.00021680558687448324,0.002961756512560905,0.42661503363171105,0.05712610237253994,-0.049924540881942196,0.67442123677642,0.7344386591339084,0.29232220728285563,0.04715332287006097,0.12185508707827744,-0.41642566938690084,0.16239233376049947,0.0,0.3248585284699352,0.008696223899969019,-0.0629115024437476,-0.47322073022426797,0.18750980444318366,0.0
-0.00016707590962216108,0.0031219367838912354,0.4266292824294998,0.05716190967895453,-0.04981747340913736,0.6747101700309861,0.7341777181866409,0.29292187824224314,0.04751063930951745,0.12310619593983145,-0.416126058569101,0.16232553219628296,0.0,0.32548196587755035,0.008359400586716512,-0.06472283602831624,-0.4739593894605754,0.18682655196562956,0.0
-0.00014200796539797812,0.0029547514819416904,0.42662544958364934,0.05732177351881717,-0.04963761503185484,0.6738999636010259,0.7349211934031722,0.2907047276134225,0.04756746256045843,0.12409891089927456,-0.4137088353572552,0.16245528045117855,0.0,0.32616419152598364,0.007784253074923289,-0.06518953207308421,-0.47557495160778246,0.1866054358902914,0.0
-0.0002937637382241266,0.0030033620870994655,0.42663523240199897,0.057233114023307566,-0.04951303476645026,0.6736343515442579,0.7351799714811051,0.2899799316138027,0.047254164106402645,0.12537454022152547,-0.412619279077701,0.16263630582749777,0.0,0.3259576212494874,0.007219386277718531,-0.0661302267008239,-0.47496514858373134,0.18648920774660796,0.0
-0.0005298011505047266,0.0028127560278225173,0.4266376189216352,0.05714991047462119,-0.049748178883628404,0.6732501095769744,0.7355224649085148,0.2886444016647269,0.04731798440727245,0.12712463673175403,-0.41077991949553994,0.1637158071726242,0.0,0.32601093638422124,0.006994737971711049,-0.06694764500227302,-0.4757966550132755,0.18604654265115794,0.0
-0.0006477383117786825,0.0029496069159024715,0.4266560970232724,0.05640609919744864,-0.04951130046453082,0.67269500221757,0.7361035369369872,0.28703360368999825,0.04804771201584933,0.12932971385288433,-0.40966775115076093,0.1648842116169709,0.0,0.3257719862729639,0.0073110546978043455,-0.0676438688768586,-0.4766598313675534,0.18488740806868081,0.0
-0.000945992787665351,0.0028369516616116113,0.42668345936759833,0.05600437155560802,-0.049655981704374796,0.6720382049072943,0.7367241308608115,0.2857126821623191,0.04818348918841227,0.1322061354758459,-0.4087704102305656,0.16715059210932115,0.0,0.32590907735888236,0.0072508854058552985,-0.06790583480613464,-0.4778871641022693,0.1842845051472717,0.0
-0.0010769898732184144,0.0027371595167298315,0.4267126489593626,0.05548597962328702,-0.04961959091773175,0.6720975709174307,0.7367116514819694,0.28514241029868126,0.04851412479716379,0.13321973835358125,-0.40960949485208537,0.16929162534152933,0.0,0.32571224108603614,0.00785603561397968,-0.06717112643503563,-0.4800488257567453,0.18444497849433744,0.0
-0.0012599126021732012,0.002667104416042183,0.4267387504167943,0.0552365361229302,-0.04969927237712656,0.6717326012613064,0.7370578130683125,0.2846834009716893,0.0485453539032849,0.1345162870690808,-0.4098149022746323,0.1712609491081155,0.0,0.3259183044844461,0.00782772622894927,-0.06628039651792371,-0.48082678604525986,0.18461776978261338,0.0
-0.0012945979851701373,0.002791262107751648,0.4267578787934093,0.05477472053353468,-0.04980615362031023,0.6708037444896477,0.7379304936311353,0.2850811118203728,0.04941668871646474,0.13591120935433554,-0.4115925849485222,0.17290897689559168,0.0,0.32647880840959914,0.008541412847932035,-0.0629840853322584,-0.4803917447592387,0.18366134501647632,0.0
-0.0014263255708227623,0.003002713900424006,0.426774044654704,0.05444229003599979,-0.05009989806920945,0.6700481337980574,0.7386213750378687,0.2855973358221413,0.05011217842649701,0.13814787098075834,-0.41157716664461513,0.17404364218268883,0.0,0.32657151626739994,0.008852990453686132,-0.06166387552178038,-0.4776486000704303,0.18201510428128403,0.0
-0.00160024350312754,0.0031281643176921847,0.42678729279867206,0.05400500365867129,-0.050646425702393943,0.6691813249273606,0.7394016185483108,0.2861461819116785,0.051058574416523825,0.13887454478499456,-0.41178074706930046,0.17563466303999387,0.0,0.32678629475262266,0.009842045785395286,-0.05810939009279412,-0.47525324256563833,0.17984960098237693,0.0
-0.0020046024555513647,0.003353368976062722,0.42679885828644565,0.053302746792469255,-0.05111944887243099,0.6680636898773364,0.7404299598198573,0.28585152948930903,0.05170740431836842,0.13866535486921966,-0.4107030430380632,0.17752245989882884,0.0,0.3265304470605891,0.010169642386033535,-0.05443635440090898,-0.4721585987161743,0.1767515736535616,0.0
-0.0022604147085856373,0.003303777863647764,0.42680332458970754,0.052761545264529,-0.0515374097105111,0.6669491444168337,0.741443830309002,0.2843923734572428,0.05260544677849077,0.13892520376948256,-0.40897378663397477,0.17971269558652744,0.0,0.3258531931344422,0.010702222315776473,-0.051281434389539415,-0.46956372660382156,0.1748665127716521,0.0
-0.0025918671412614933,0.0029804758954110034,0.4267936691355028,0.052559814496038866,-0.05242898981220781,0.6660498496537246,0.7422036544666597,0.28273526271023,0.05344955304258695,0.1378801539745991,-0.40586269076175674,0.18202299518669474,0.0,0.32391940231088057,0.011297968434389913,-0.04847565783425084,-0.46411131934643307,0.17330249399404007,0.0
-0.0028837449202761207,0.0027670273100749683,0.4267805986539408,0.05247771532681725,-0.05343701212298923,0.6652641849722097,0.7428419342785564,0.2810596952105167,0.054869387184351325,0.13476446743960419,-0.40034287260674406,0.18448230680255165,0.0,0.32285564709826187,0.011582178866898567,-0.04547792228601519,-0.458809361837523,0.1722019212617232,0.0
-0.003502546876124414,0.0025185812936471316,0.42676484622740696,0.05159152186599567,-0.054175382177970924,0.6646119028901661,0.7434341674782874,0.2774100430127928,0.05607968572224279,0.12933214596739281,-0.39381168309532355,0.18791572216778532,0.0,0.32073884096223115,0.011507823686993289,-0.04197551438953753,-0.4554567243248742,0.17132816507987758,0.0
-0.004117344958044462,0.0018674458121229743,0.42670756470189625,0.050734768390477976,-0.05508934590787903,0.6637100984219223,0.744231182158185,0.2712367093541773,0.05770336370904103,0.12256714701468126,-0.3841632548129493,0.19282918422493323,0.0,0.31771791083717876,0.011463049067403128,-0.03843168430432599,-0.4517414280955692,0.17240968268417953,0.0
-0.0049635205517671345,0.0016376539168733318,0.42650299866002706,0.04762810463452736,-0.05517709795727102,0.6633197681567,0.7447777767109317,0.2583000946504145,0.0604826064626149,0.1147785272692228,-0.3664221128669202,0.19812902434217156,0.0,0.311831529591942,0.012385246344082858,-0.034605072706442044,-0.4495346248472194,0.17349988034560335,0.0
-0.00572693414529428,0.0013160188417786379,0.4257122923951201,0.04311668332431531,-0.05614759328471513,0.6640024418010251,0.7443716522475328,0.23966140256439178,0.06112191333216115,0.1075019409611572,-0.34485192542614257,0.19375828692983604,0.0,0.3043383702473034,0.01740957515999857,-0.034583359398640504,-0.44739088445905173,0.17528578031702677,0.0
-0.005105283638352074,0.0013223200159444906,0.4248496529388579,0.036461991583891004,-0.059511065489114626,0.6647150702762787,0.7438298404888642,0.211950208379899,0.05405232154107885,0.08487030442919334,-0.31585557296262345,0.16027382052204237,0.0,0.30028972565753814,0.034106229196300006,-0.03711134469887674,-0.44684277540984296,0.1787663749896699,0.0
-0.00432911050323444,0.0014655107417921036,0.42554090811657713,0.03076048306896178,-0.06121104806653245,0.6659127655587522,0.7428776406258678,0.1857742190539922,0.038539263391135545,0.06904098208954672,-0.28693490015431095,0.1507979371364269,0.0,0.295136810080469,0.04735455504518718,-0.04665826482982315,-0.44647360177879797,0.18303002708071556,0.0
-0.0025144040068507353,0.002016950236713108,0.42597019687573806,0.02597334738046687,-0.06257606480232057,0.6665276379433357,0.7423951301008028,0.1673774244737845,0.018100567769471363,0.06152797985262063,-0.26601501475502376,0.1563414486242363,0.0,0.2924931129115875,0.06165458307181515,-0.058507909169397125,-0.4455097982102629,0.18391225033711217,0.0
-8.050412735571339e-05,0.002554181278178917,0.42619635971697206,0.022200872746590126,-0.0638483853736352,0.6687294160481928,0.7404265480426223,0.15234551590174444,-0.010462880743129307,0.059696998983562954,-0.2620156551632428,0.1742345779405976,0.0,0.289581224598754,0.07751849865425735,-0.06862086620477958,-0.4442047680049183,0.18357770373411844,0.0
0.0035049377799239397,0.00265443381253973,0.4262660015628558,0.019552650076525586,-0.06548733198696367,0.6712653112527702,0.738059608116402,0.1436010334355658,-0.04743007356829852,0.05497627227246827,-0.2661425051549082,0.1989195047927811,0.0,0.2861007847697087,0.0956498958376981,-0.07633166511465599,-0.44002377569353546,0.18369527722596826,0.0
0.007731314241167125,0.0026139979804505296,0.42616175246789717,0.01795798837801678,-0.0679117433830548,0.6735422416834966,0.7358032036027435,0.14119025394842105,-0.09010110862402208,0.05796447478346756,-0.2809755254172357,0.23212419879531598,0.0,0.2833429034175705,0.1156558987765125,-0.08366308595198488,-0.4321227576375469,0.1815311921417343,0.0
0.012455974883162085,0.003431255561589298,0.42578232095679935,0.01631604960548471,-0.0691936011778418,0.6746392884486485,0.7347161782367497,0.1394004057055765,-0.12944024188140718,0.05907313332820765,-0.2999690908755909,0.26858966087682346,0.0,0.2809033639753932,0.13592101550917968,-0.08594837703606184,-0.4202637676375749,0.17456129676003115,0.0
0.01727352832043561,0.004285895050650311,0.4250003781955902,0.016324462558740847,-0.0699014927701036,0.6758389510791425,0.7335455033158644,0.1404655965577347,-0.1683988707597899,0.06314272754107003,-0.31957512276258593,0.3058932370664891,0.0,0.27613469710844735,0.1532493847167083,-0.08635754722758515,-0.4008633008145806,0.1623671831761549,0.0
0.022412760364175933,0.004976387808907513,0.42380800508136696,0.017072889908814188,-0.0701565056022032,0.6767147766923677,0.7326961799805222,0.14267123645181312,-0.20599005927026048,0.06843754316197884,-0.33905293137225684,0.3415309028963976,0.0,0.26925227278939473,0.17040875180655432,-0.0876988588796023,-0.37729046241330855,0.14554708739241412,0.0
0.02827252300052459,0.005310007164142543,0.4221788616577832,0.018135484645141395,-0.07046894063677156,0.6776612601178291,0.7317652964836019,0.14950919976033725,-0.24115624574358765,0.07649908239029256,-0.3541646534383888,0.3730305035957776,0.0,0.25985912884060314,0.19011695411290552,-0.08921390357044083,-0.34908200620517466,0.126313215415268,0.0
0.0346333872873769,0.0063194855684697735,0.41997443881820845,0.019998556705617156,-0.06998030805489858,0.6800570019303617,0.7295377223555494,0.1571083185491581,-0.27084031094695576,0.0909415754972218,-0.3668909509398433,0.3990055673684365,0.0,0.2479006468622591,0.21001900156257453,-0.0934499894141407,-0.3124248594228311,0.10541097246796957,0.0
0.0421386196082216,0.006442836229489235,0.4172742686944708,0.02270453375114319,-0.07018807951546692,0.6832107253804207,0.7264855417461753,0.16862849739261757,-0.2976739689512551,0.11120138776732687,-0.37307638249605113,0.4151106181089322,0.0,0.23140976491553275,0.2333886282655807,-0.10255756603662064,-0.2690543248466624,0.09132081835022887,0.0
0.04998491487783006,0.00598728143838132,0.4142196926149114,0.026934422113562603,-0.07060795826696147,0.6859056222250675,0.7237558500867701,0.1795079355765263,-0.3159654955845133,0.13758493904004374,-0.36977854423667705,0.4113778958137621,0.0,0.214653535071068,0.2571986859725581,-0.10342431106248882,-0.2251594404657609,0.0837610210153221,0.0
0.057532688040207274,0.004595960543837295,0.41136185034534173,0.030965671553341623,-0.07152847421689985,0.6885030969065703,0.7210327940610716,0.1854996946642046,-0.3249787443399533,0.17269610955948894,-0.35942475979165606,0.3836582694024346,0.0,0.19996721990533492,0.2815319491951577,-0.10362551317725671,-0.19494716881109847,0.08258023648433825,0.0
0.0670350568176943,0.003563202765752304,0.40851565934414397,0.03445821020379371,-0.06881437778626294,0.6944014462252381,0.715460582170492,0.18547625973908455,-0.3233559655064105,0.19496758647421927,-0.3261119999164417,0.34364733244528445,0.0,0.19042754587055497,0.3083504575607994,-0.10655735154205358,-0.19071942883024706,0.11060790957603643,0.0
0.07711313115362271,0.0015896662665620509,0.406115508484551,0.036894508496964636,-0.06413582665140011,0.6980853837797016,0.7121812886728046,0.1756622926735768,-0.30990961649386906,0.20807754916956103,-0.2882405993290352,0.29453467324637406,0.0,0.19325669168073464,0.3368108540504726,-0.10234329867032978,-0.21965865831362044,0.162880919371823,0.0
0.08680747793956388,0.0007877571823472037,0.40330611347085243,0.03853930350150585,-0.055520845637059155,0.7010810434543582,0.7098714871681452,0.1582506800731442,-0.28409488993700943,0.211488718373179,-0.24653743848827991,0.2361092350427862,0.0,0.20042361688028257,0.3630923157196734,-0.0926578359227728,-0.2704334041874998,0.22934473228450547,0.0
0.09714698690220652,0.0004322722064808918,0.40481003737565974,0.04286684864330711,-0.046013973397417036,0.7009753544025162,0.7104074183592409,0.13989324659617194,-0.2625950674556005,0.20476932420684452,-0.21789037092925026,0.16965749328327043,0.0,0.20543529418894457,0.39179413830711857,-0.07468872097218383,-0.34082632739177987,0.25900050246490114,0.0
0.10755817958932871,-0.00040481451828893963,0.40822343535264133,0.04577633868120712,-0.03720501938987639,0.7032615429890067,0.7084797213060265,0.12388671965325504,-0.23922812066099863,0.1940904295081848,-0.19644075737009015,0.10386118829767886,0.0,0.20380256718553527,0.4100759479024903,-0.05778062840602994,-0.40515420336712016,0.2928364553017887,0.0
0.11824159388510203,0.0007354979605349397,0.4117549121329013,0.05141402269982431,-0.03265109579523921,0.7022591173153837,0.7093113818067573,0.1231419815762524,-0.21401298521518708,0.19149372854197494,-0.18724547602248873,0.07451423645473482,0.0,0.19866687732899654,0.410308609795559,-0.046872898305065684,-0.4322665928518048,0.31420063076771126,0.0
0.1282533077486448,0.000690414387095617,0.41505541702653515,0.05711917068580939,-0.027662011582502165,0.7017426460321541,0.709598106110189,0.12401596988065641,-0.19258562235596832,0.188310470295793,-0.18943158359584053,0.05340500647351009,0.0,0.19483685565378955,0.39444393135381756,-0.044065989074367776,-0.4489144518455963,0.31724072880150334,0.0
0.1376833532424019,-3.761064605015791e-05,0.4180936581562351,0.061453653586212555,-0.023909245600115,0.7030780988276599,0.7080487154035546,0.1319634754735843,-0.17061595651069134,0.18122490942762468,-0.20526426557356414,0.04495478632642082,0.0,0.1858282192933052,0.36289247406626357,-0.03682748690399261,-0.4460514506939093,0.3042555136134794,0.0
0.14566705670671817,-0.0016151628580019653,0.4206882224724523,0.06547072490424619,-0.02079551778518884,0.7043772447679972,0.7064940393758499,0.14146594796740314,-0.15289020976217854,0.17601363339351256,-0.22805818961315527,0.05129581451139761,0.0,0.17604119515136488,0.31875321770546977,-0.03043360850698873,-0.4160571173426811,0.279593458644373,0.0
0.1520811169221288,-0.003939204680022481,0.4226731410860386,0.06821194217484183,-0.01971607529093836,0.7046787460053684,0.7059647811669936,0.15193768099965202,-0.13614828986871905,0.1704976943934063,-0.25703425502908467,0.06944110066803434,0.0,0.1651704478211788,0.26375866696620937,-0.026645708093517666,-0.3739957774616627,0.252080436177478,0.0
0.15832941776368029,-0.006038642689460784,0.4240248404631548,0.06934304324841344,-0.02008821054473489,0.7029664503208372,0.7075494158526899,0.1604249082567086,-0.11615488087278461,0.16517919194151673,-0.28558798108691663,0.09029515491152174,0.0,0.15807274809369817,0.1998994130307823,-0.02809470884335756,-0.3301244094642869,0.2237638204420479,0.0
0.1650626632175312,-0.00638487775457456,0.4250094709467229,0.06874635212574721,-0.020199786496452064,0.7014391097709556,0.7091185253387698,0.17216519298468366,-0.09303333135403274,0.15292869079596136,-0.31581076702544547,0.10428874104380122,0.0,0.15566635905481627,0.13266613287069062,-0.0339499794986622,-0.2931904657621778,0.19623968468203337,0.0
0.17050327093835255,-0.004540863281028012,0.42547019721956053,0.0653042877098425,-0.021406569069398286,0.6991232950702672,0.7116907524321789,0.1873650439169369,-0.06862353513534591,0.13883965012745014,-0.34329385731334094,0.11429614764773562,0.0,0.15603472356483042,0.06384159900243233,-0.038991935703458575,-0.2620817471660119,0.1727481089671164,0.0
0.17568908725752938,-0.003951192304777221,0.42562844265742455,0.06282998344176889,-0.023323443768206168,0.6943122311859494,0.7165465342719123,0.1966868892084858,-0.043724413329411654,0.13708121377344118,-0.36612021946442785,0.12601447520337383,0.0,0.16061805133533266,0.002659326519544994,-0.061407040489879265,-0.2576482261221551,0.15332457312977082,0.0
0.1787642430661813,-0.004195894256483252,0.4256111723072281,0.06168992541362656,-0.02626490863016545,0.6896675782771009,0.7210153529228839,0.20540479412381313,-0.0269248719394741,0.14305424598650648,-0.38372443570168513,0.14105468294424287,0.0,0.17003143730979453,-0.04320787417332183,-0.08176117123367645,-0.2743195488624342,0.14715591611365086,0.0
0.18047562761508207,-0.003317241387308804,0.4253723727388272,0.05828627901163049,-0.02987458346514196,0.6855608992651372,0.7250630816284476,0.21583399695516534,-0.009756642276163942,0.15411110916016715,-0.39950396498997964,0.15445967702307756,0.0,0.18479377630399368,-0.07435080047880928,-0.10605576156711091,-0.2983342378048419,0.14920091163251342,0.0
0.18157380399334247,-0.002712749778433776,0.425022640278094,0.05421141016177304,-0.03454601321423374,0.6826469799790209,0.7279153774339419,0.22421479556809107,0.007180968140531867,0.1637938114500879,-0.4100755580724403,0.16624229957547146,0.0,0.20124504824612333,-0.0908067594361652,-0.13229551826264943,-0.32879287632724796,0.15721441405221168,0.0
0.18250523173274824,-0.0019282374792208025,0.42477086699166483,0.050427030692893636,-0.03856801947514366,0.6798118060242686,0.730633650223754,0.22993731277148544,0.022377588757814315,0.17357649185785684,-0.4160848929377533,0.17307255496068566,0.0,0.21892416510358306,-0.09347665302458266,-0.15427822566860047,-0.35588692377593023,0.16258411598010092,0.0
0.18310139846859153,7.750888511258627e-05,0.42490380017265916,0.04673059881211251,-0.04278911262635825,0.6778698387632184,0.7324464653955541,0.2389161735605526,0.03652601704410385,0.18010875543643629,-0.41748038360182177,0.1744466747429882,0.0,0.23996863372428215,-0.07815685396861859,-0.1608460143252749,-0.3828711613371138,0.16149531199689596,0.0
0.1833321799672037,0.0017093552582862343,0.42497134102116035,0.04459356645378566,-0.045168237673663854,0.6744657798249994,0.7355726721279432,0.2390750240256315,0.04460719575465715,0.18567171599168575,-0.40696650930718026,0.17157378152703415,0.0,0.25296563242080694,-0.06762964926685006,-0.158262813690133,-0.39539689021641944,0.15410326426819515,0.0
0.18339456946407595,0.0031434095291427407,0.4250041271370128,0.04221838186768963,-0.046737834381104224,0.6697264686339389,0.7399321862717909,0.23479691869169206,0.05281046487184099,0.1892329782684435,-0.3926418858420961,0.16976667167817874,0.0,0.26252787066114075,-0.059945958642646284,-0.1507928008440054,-0.40307584142564457,0.1470469762488239,0.0
0.18365243380571436,0.0038733190689116343,0.42505370340657367,0.04078665903482722,-0.048407184609194645,0.6662447903179972,0.743041770223664,0.2306735309730799,0.06009516990337375,0.19140767668182487,-0.37826762335349706,0.17019100803112294,0.0,0.26941396045689264,-0.05327008406405793,-0.1442903325490244,-0.4069209517858702,0.14343560951645823,0.0
0.18387278220618622,0.004206470619105505,0.42511049616479357,0.03924251559394318,-0.04937347721314211,0.6623228132068655,0.7465592915659722,0.22470489719327996,0.06727840151889215,0.18922237067808748,-0.3645778786963939,0.17337750271496244,0.0,0.27362260632255236,-0.048471248565905144,-0.13838535765308244,-0.40988122320287085,0.14210326470266624,0.0
0.18397517762976914,0.0037935809986830793,0.42515701911748305,0.03787932582702222,-0.0506298100624766,0.6583972544012917,0.7500098895379773,0.2173983721237781,0.07454958720095839,0.18453067546418808,-0.3489867121862289,0.17942681610841263,0.0,0.27645423081030873,-0.04424050519345811,-0.12908472248013692,-0.4136437127094233,0.14224604172355906,0.0
0.18424987752986072,0.00339297611165574,0.42510890625010467,0.03588088552582119,-0.05205180634382262,0.6547424946577172,0.7532034500715047,0.21110756930107344,0.0807205600415428,0.1790741187093617,-0.33427214204776967,0.18550960517495235,0.0,0.2768289830396202,-0.03847519023707895,-0.12173391140351636,-0.4126458547369965,0.14345408289490863,0.0
0.18533829312503777,0.0030337540501537983,0.42451675458360605,0.03307664850409915,-0.05397671949657737,0.6510365189469604,0.7564019434623028,0.19805116229209097,0.0806893155991462,0.1682494397085494,-0.31587770035412427,0.18519116139641828,0.0,0.27693858303066615,-0.02839964639387216,-0.11402007215758383,-0.40954030622733245,0.14540346636946544,0.0
0.1865131191900319,0.0028970809382486244,0.42459665868167223,0.029196682555421963,-0.056701443987239614,0.6484829990564014,0.7585527667290759,0.18014629741079813,0.07339172285227949,0.15371623036616677,-0.2960606005272145,0.17774996658025755,0.0,0.2758730703962103,-0.015165627471979191,-0.10778731439023961,-0.40404759022026054,0.14620520248748062,0.0
0.18789097911476826,0.003021920163713407,0.4251506651149835,0.02470889641224573,-0.05935113195927042,0.6462509764369322,0.7604121178857913,0.16266380464570612,0.06038053423695351,0.1439359460149719,-0.2816376311158429,0.17609231859032573,0.0,0.27416258582793324,-0.0007954173436508296,-0.10345665483088758,-0.3981404150338344,0.1440680640037677,0.0
0.1899561462709294,0.003746118672592912,0.42556549353743695,0.020428276160603793,-0.061426138768239866,0.6437315840915858,0.7625084672658197,0.14485714893297905,0.03828757590262237,0.1284589724565645,-0.2639047454812037,0.1809718309464151,0.0,0.2748022119703007,0.014719038210650901,-0.10109750266462823,-0.3930088301639626,0.14015532277273082,0.0
0.19400942593855286,0.0031492524453064366,0.425822474875959,0.019062781660209478,-0.0651671975231367,0.6417398762209076,0.763910844268054,0.14040988393222914,0.004558702066614961,0.12775340368736088,-0.26632577567216353,0.199549147050005,0.0,0.2785712799885276,0.036470991738470876,-0.10185329761431962,-0.3867603000455271,0.14130845361777483,0.0
0.19818363167691333,0.0018941403149927197,0.4260362224469101,0.017984109752044806,-0.07002838926777101,0.6413897667835695,0.7638008664294035,0.13832434381020414,-0.037552389828730035,0.12067898289411232,-0.27453753792168833,0.2222072486337168,0.0,0.28034650971678365,0.060368200860502395,-0.10209580138918725,-0.3790757501505819,0.14158305213716757,0.0
0.20320758472006897,0.0008680551454665051,0.4260522783804341,0.01628761225366546,-0.07267371125238255,0.639267097846369,0.7653697296019497,0.139219254846001,-0.07734441364568807,0.12067354641284507,-0.29016614551233294,0.24779417692565855,0.0,0.28156692572565256,0.08411597559713137,-0.10256591790660397,-0.37469443319277845,0.13986789293579827,0.0
0.20837624728597196,-0.0005427394938958117,0.42588389823686706,0.015774981591646326,-0.07509007663908468,0.6348900786128232,0.7687829462371834,0.14176919744850203,-0.12008971988188806,0.1191523540587439,-0.31125899622360176,0.27493572931499266,0.0,0.2826293728720431,0.10553643109974094,-0.09869800919592289,-0.36605704688513074,0.13570310210405342,0.0
0.2136015986972436,-0.0025288203221405722,0.4254484775503183,0.017305038863104957,-0.07846554543148214,0.6321985740652984,0.7706287411976606,0.14689233436808244,-0.15953548596764647,0.1201689594716295,-0.3338732481204336,0.3092457803212062,0.0,0.28601625982898937,0.12609657515535766,-0.0953659004124531,-0.3597856915146122,0.13236693726103796,0.0
0.21999645260223402,-0.004642326847054795,0.4246440473341119,0.019211557269312316,-0.07987207346652853,0.6302805402259282,0.7720089433160465,0.15239947001158835,-0.1925636620927644,0.11892884828885716,-0.3547363548666421,0.3359729451986988,0.0,0.28663829715073774,0.14711831837196834,-0.09823859335720617,-0.35336535312426204,0.13271837039740833,0.0
0.2260760367201101,-0.006016096547226115,0.42350831142187106,0.021121588689955444,-0.0798189452659881,0.6292502843197587,0.772804564007836,0.1570679157436983,-0.22059190327804826,0.1275784726997989,-0.3693310624981163,0.35888824049025486,0.0,0.28430563081661464,0.16522470805108944,-0.09912433299248144,-0.3427913122439543,0.12953768023221574,0.0
0.23394086351016713,-0.0081040080540074,0.4219300681143334,0.023974987556883473,-0.0781085639112311,0.6290015011123221,0.7730985472847682,0.16085677014968627,-0.24486833722824464,0.1388155984552089,-0.37950624882522155,0.37784015112073815,0.0,0.28084626724549006,0.1863649222736318,-0.10105318308993834,-0.3354169336009449,0.1348680438492728,0.0
0.24270361350339809,-0.009943165977205948,0.41984050981841486,0.028073770576923507,-0.0745206237148766,0.6304058525249244,0.7721703187439055,0.16427762386089856,-0.25829443139205205,0.15724884849991422,-0.3772593555487687,0.38337502043954985,0.0,0.2789226015729599,0.20723071254190487,-0.10374308148356022,-0.3338900836312645,0.1462135368347836,0.0
0.2520199017373914,-0.01140997671234229,0.4174245271667383,0.031154504584227295,-0.06971976348914127,0.6323381278844257,0.7709196089390583,0.1645347633066355,-0.26562425150924257,0.17556252924956273,-0.36619926342867476,0.3777788633732804,0.0,0.2769321888432986,0.23048373736357483,-0.10785406662535123,-0.3362765841136282,0.16325765659607797,0.0
0.26269111078375523,-0.012850653916863054,0.4146273387004297,0.034253868272679816,-0.06321918702971077,0.6338906036904001,0.7700731844783857,0.16361963829081655,-0.2654744315219841,0.19465441498913452,-0.34683964596670136,0.35606461198752404,0.0,0.2783278108335074,0.25601250561371597,-0.10691546461577527,-0.34488097629805003,0.1928953691669593,0.0
0.27393597604432224,-0.014404861093325777,0.4116147151529169,0.03636674068791486,-0.055908389298569186,0.6381797601370818,0.7669930286053165,0.1546007590346219,-0.25254436587627516,0.21623886529795577,-0.30900055297643475,0.3145252920088471,0.0,0.2791378612268289,0.2842352373240573,-0.10561087017191918,-0.3629846371741495,0.23744735657021318,0.0
0.27758562091203814,-0.0158625946660206,0.4092678808844213,0.03872099719876062,-0.0507683061047445,0.6396691523973274,0.7659938896247638,0.1420024307107892,-0.23104959386373372,0.22638714422038644,-0.25953250030035746,0.2584260591001315,0.0,0.274872450072931,0.296751636749704,-0.1280907654810147,-0.39098688203555226,0.2631423434029421,0.0
0.28069786623559784,-0.01752221267890619,0.4106826302736844,0.042854289232455864,-0.04246352002584254,0.6420422002169415,0.764291941931868,0.12071301137339763,-0.21888326824964469,0.20733798211431698,-0.21159529606333283,0.1929493331792665,0.0,0.2705196320837307,0.32592104021348367,-0.098723142716842,-0.42715137938056963,0.28219382527179626,0.0
0.2836311990319335,-0.01933272488053191,0.41214271753285203,0.048434461676263266,-0.03566428844341386,0.6441071802590611,0.7625667851347041,0.103547449929947,-0.2191105273252416,0.18827931890879313,-0.17890234190343976,0.14435691544677254,0.0,0.26467256391706795,0.35844057196265694,-0.06291527028865239,-0.45254906121421395,0.2983906024182342,0.0
0.29400488955791076,-0.018566981993988166,0.41421825146352886,0.05147805155467685,-0.03350765603473671,0.6429480902453218,0.7634428599738728,0.1007352883064711,-0.18844608163932497,0.1811409514808014,-0.164482702676168,0.10030859542120721,0.0,0.25978326340343005,0.3682027840703772,-0.05556935954799086,-0.4632084842006645,0.30551871701740085,0.0
0.3039867980060149,-0.019271859857459134,0.41626267849011755,0.05608268077833756,-0.030484727844478494,0.6409752209780071,0.7649027260881998,0.09490627108851873,-0.16372784884869643,0.1712646057592615,-0.1559740192365694,0.05913289095719905,0.0,0.2553089356421048,0.36548805954604574,-0.04788701099192254,-0.469729960744002,0.3052877275642334,0.0
0.3123473384127884,-0.020141042304490556,0.4181572836685685,0.059335803602540926,-0.028298236381067623,0.6412379338628763,0.7645210163257992,0.09760535765989249,-0.14259882534101526,0.1593752249682941,-0.1580393594085606,0.03588701753518603,0.0,0.24749044217080932,0.3462749360695028,-0.030780077921563505,-0.4625145785416566,0.29767095426241436,0.0
0.31890164533613036,-0.021223407829147348,0.42002271683703873,0.06304098781650362,-0.027169964502584187,0.6374075975860773,0.7674628208738158,0.10493542637334902,-0.12507355467301168,0.16020926086670226,-0.17411638013273176,0.03130958518728633,0.0,0.24328289519864382,0.3181242899167548,-0.024442063874597367,-0.4472936855615518,0.28528276941354,0.0
0.3257907134485771,-0.0222541184130932,0.4218341993081437,0.06439728959350419,-0.02678224553458941,0.6348978580455578,0.7694416223900937,0.11768901789807774,-0.10245829404523678,0.15777292239642968,-0.19808533366616868,0.037630724383231486,0.0,0.23707210531294487,0.2823070063385952,-0.02099699317866833,-0.4272797475331821,0.2682372960178229,0.0
0.3316258354411343,-0.02344348308051082,0.42345869733655556,0.06527967601870516,-0.026940833569033058,0.6317742159465599,0.7719288150150955,0.1333594379491267,-0.0821386559581374,0.15837853205874264,-0.22967360884679575,0.05301417337265991,0.0,0.23136958317717798,0.24011083560610064,-0.022221802948828924,-0.4015128156607876,0.2487839737517603,0.0
0.3368740586135799,-0.024467710915167713,0.4246803106838015,0.06536631416380186,-0.02773370659292802,0.6263071315009422,0.7763359218291521,0.14776310948708254,-0.06120595055711659,0.16524538284955745,-0.26039976098829076,0.07429710187007879,0.0,0.22801193367557104,0.19289957267500413,-0.03254547090177064,-0.3744135363276776,0.23022551460289445,0.0
0.34194085280802317,-0.025722351558020155,0.42541820268874053,0.06388559413386834,-0.029795577575978446,0.6210933804112283,0.7805599702959608,0.16182700161839575,-0.03801849865986161,0.16592738978616353,-0.2923078599841607,0.0943417527333001,0.0,0.22301618345635482,0.13788474986761895,-0.04287352898570994,-0.35460927357672484,0.21035024725381418,0.0
0.3459562082411325,-0.027331368507463316,0.4258608396942872,0.06434106828136485,-0.03350850863015086,0.6156786587083272,0.7846510026711956,0.17555387370895015,-0.019460033510278932,0.1690837514252973,-0.3153143875505576,0.11487217671246622,0.0,0.222800247463872,0.08407439545586283,-0.059800035755892024,-0.3466967925455862,0.1923037135291667,0.0
0.34855048981432485,-0.027883368668309115,0.42589585235778327,0.06228197641696145,-0.03683232714717681,0.6124449236820234,0.7871947348316315,0.1892711653869586,-0.0029122133884895048,0.16817732287413656,-0.3380830486975598,0.1324058372340143,0.0,0.22561582331263177,0.03648903885924951,-0.07832783620706199,-0.3462061221822006,0.18384890241496618,0.0
0.35089040641973834,-0.027564001338077973,0.4258245482490066,0.06014287843721862,-0.040042872982705195,0.6080089273460101,0.790635533456556,0.2010075587768292,0.012547471036395936,0.1701305116441853,-0.35389885717270403,0.14433863177641934,0.0,0.2308653973077731,0.0032376169435228697,-0.09484180188262417,-0.35949790647922275,0.17942359090213755,0.0
0.3524914283688198,-0.027554018411348073,0.4254947655524803,0.05774015419412722,-0.043371844968137875,0.6044551153836043,0.7933592951143219,0.20890538519575877,0.02625658859032353,0.17401810059667874,-0.3654655959458365,0.15172720043325744,0.0,0.23956319487727276,-0.018931334928599733,-0.1104431804280535,-0.37725737847735596,0.18284842620608613,0.0
0.35343343097926094,-0.02701803712741144,0.4252625394788829,0.055905727168722025,-0.04612732253063881,0.6010669862232596,0.795905332221352,0.21476488970982047,0.03638572972030524,0.1766674284312928,-0.3703224479332848,0.15436305495959485,0.0,0.2508605550598796,-0.026438132446802078,-0.12096732549169344,-0.39730908975656937,0.1867103899190651,0.0
0.3541913207311056,-0.02626519536053019,0.4252537747080465,0.05473162258899599,-0.04811140280644148,0.6004207741870806,0.7963571035241419,0.22138972742415475,0.04294308086065259,0.17605212575947157,-0.37378759974774106,0.15309528200209932,0.0,0.26172290636417433,-0.020243633362514737,-0.11859929853209565,-0.40973036934625956,0.18655648813928574,0.0
0.3544689066222961,-0.024924773594152558,0.42531715004213116,0.053338913059279285,-0.049896190750865474,0.5997800065745363,0.7968244939857566,0.22787742312249562,0.04693180713711199,0.17512261410318536,-0.37533305701799,0.14898181299715038,0.0,0.2741902585957912,-0.012988484752542152,-0.1135385651051111,-0.4242656317490162,0.1813521128417692,0.0
0.3549695421345136,-0.02394884062766541,0.42533039304093473,0.05306562021048689,-0.05037522022800097,0.6003107445422902,0.7964128245613187,0.23111662259901025,0.04838985563275869,0.1712782320698404,-0.37314835744066355,0.14279514993163517,0.0,0.28136562067684817,-0.009226565783405208,-0.10798521197382877,-0.4318018575631102,0.17844363732616342,0.0
0.3552628253191571,-0.02355673630276449,0.42534226685991877,0.05350625693960001,-0.050549335718090775,0.6009392904501929,0.7958981180528019,0.2314293635860962,0.04819853396670351,0.16589546522483048,-0.36799743246155436,0.13864390317448474,0.0,0.28591764459261704,-0.008027776115495107,-0.10368082753810191,-0.4370072804774202,0.1779923770465265,0.0
0.35536330126768195,-0.022965642146468457,0.4253843437014773,0.05365611726200791,-0.049531101575337334,0.6015591535013022,0.7954836741856466,0.23004233679869168,0.046521255951727604,0.15954718231238138,-0.362689208381257,0.13576984633500697,0.0,0.2878893714483704,-0.009956034647300532,-0.10146149911208412,-0.44047953718716887,0.17865076870173183,0.0
0.35534101294844184,-0.02336969757457608,0.42540630236657423,0.05482694244727862,-0.04962101041373401,0.6024719920740758,0.7947070280761946,0.22918758431262584,0.044807959474338764,0.1560976085766232,-0.3585451355252776,0.13578321823629327,0.0,0.28700967497104224,-0.011925723817721237,-0.10303292741993113,-0.43805872743385393,0.18247366299933687,0.0
0.3551917705946889,-0.023435488297089243,0.42544811888309614,0.05578539958463327,-0.04949021517156368,0.6036831742281143,0.7937287527545687,0.2285288518147504,0.042999460539110655,0.15105743298671206,-0.3528748623879955,0.13650600875759872,0.0,0.28590601820315825,-0.015477797741402304,-0.1065489314052761,-0.43454592391274144,0.18625097824457132,0.0
0.3552890676195199,-0.02383760195094087,0.42546450606391173,0.05656157279425041,-0.04867219142876118,0.604066993460844,0.7934323371754767,0.22609133917664553,0.042261232849752896,0.14724721532191634,-0.34963261856729744,0.13773317715080327,0.0,0.2823349070530029,-0.019183411908485593,-0.10958117701785093,-0.4287684176833862,0.19174662587392396,0.0
0.3552952122491211,-0.02479383935817045,0.4254696012714271,0.057775960706180206,-0.04776435996628506,0.6046386016946439,0.7929644794202542,0.22201492534791323,0.040942528237660536,0.14553651977466578,-0.34600732153011116,0.14070641049652582,0.0,0.2766036062427,-0.023874453315962333,-0.11037400897976371,-0.4216770115024599,0.199363256902576,0.0
0.3551026434229681,-0.025678290001986466,0.42541369885820324,0.05893494400320088,-0.047336599579944016,0.6054587967787506,0.7922787161843836,0.21820317297958913,0.04015379504306487,0.1458650491596571,-0.3404634952070907,0.1435888563386366,0.0,0.26920193611734267,-0.02908222994773485,-0.11149705470958453,-0.4104691733476153,0.20717348799150054,0.0
0.3543237668438399,-0.025888676899395894,0.42535361884591344,0.0591896376180456,-0.046115185625899655,0.6063578015398242,0.7916439811968031,0.21348323430716237,0.03701431114642749,0.1464959058222477,-0.3341932619663927,0.14674842688582637,0.0,0.25783624652194637,-0.03386880165027185,-0.11947063680287345,-0.3978056032928758,0.21368091731191674,0.0
0.3531050884272381,-0.02608496320431764,0.4257229706838389,0.06144349754829353,-0.04397937950677485,0.6084775069384627,0.7899655906032772,0.21127784551711815,0.027311305029490824,0.14794097810850154,-0.3303522736475514,0.14919369690000958,0.0,0.24544039173907384,-0.026028805747987063,-0.11937929635039828,-0.3886920927505775,0.212190270168911,0.0
0.35104279503042446,-0.025812545943256604,0.42637512898134794,0.06406596414911765,-0.041048633655172174,0.6111430228423984,0.7878545345073181,0.21148742817911775,0.012184299884746008,0.15144305374612246,-0.33035684965099865,0.1525886590490498,0.0,0.2353414094049547,-0.007384095480403219,-0.10675137943400237,-0.3788612131128735,0.2018511702375846,0.0
0.34858167119148564,-0.025285632737380825,0.42690815931710685,0.0658596384835712,-0.03795625185554104,0.612890749876653,0.7865028669239074,0.2102223826548654,-0.0029414606378462,0.15573085859988414,-0.3296951127435812,0.15650905576945193,0.0,0.2269965003540537,0.013833773311366046,-0.09894667468929133,-0.37100192750128175,0.1955500913560326,0.0
0.3465763530600269,-0.02415432972054686,0.42749746729622684,0.06788603531972731,-0.033416954993928716,0.6158027767525324,0.7842587159039884,0.2088273173626002,-0.01916807292483041,0.1607848631813608,-0.3272908870837181,0.15521953749173018,0.0,0.21914999597994017,0.04453040008850669,-0.09062431511360815,-0.3667499245746616,0.19391337788327836,0.0
0.3429863232402552,-0.022986589877856647,0.42797111044431796,0.06979457857430613,-0.029501870094816075,0.6180596404085292,0.7824708540007242,0.20643886420851199,-0.039949680170931555,0.16629797800191332,-0.32283402854090215,0.15721916571670502,0.0,0.21452203237458298,0.08172396953152929,-0.07997815746490208,-0.36414569202413244,0.19852007348881337,0.0
0.3379488062885086,-0.021363222857406508,0.4283162803016311,0.07107292503677619,-0.02648903273658453,0.6206867269116076,0.7803812898238602,0.20472404933755645,-0.06369159190382397,0.17380457520618117,-0.31407432059384227,0.16412703104723805,0.0,0.21326090554383165,0.12390384772356068,-0.06868417625741303,-0.37798395597825785,0.2075384004538465,0.0
0.3337845992343329,-0.019735529766964754,0.42848787735609795,0.07265040268996077,-0.02259594933316167,0.6230450182369593,0.7784768765434373,0.20035728126381985,-0.08612078458097745,0.18033190238763633,-0.3032193716060115,0.16362116271313723,0.0,0.207620976535407,0.16503437372114466,-0.05605598617830886,-0.38645300753964423,0.22368213561320072,0.0
0.32788296338899725,-0.018056108889236207,0.4284377476804261,0.07390837415159779,-0.018557838125572643,0.6250092277555604,0.776889068075211,0.1966858124706796,-0.11468775766139191,0.1888778148971211,-0.2969165407476314,0.16840749594330798,0.0,0.20298814794642656,0.20335687319867227,-0.052278570431614664,-0.40653252077376834,0.24251753938618267,0.0
0.3217682708106337,-0.016391636253651275,0.42798582745160507,0.07313328646426207,-0.015962663077477318,0.6282402467755926,0.774410038758378,0.1949649759776342,-0.1401248631754113,0.19025336572947488,-0.2943820794809267,0.1728054096919068,0.0,0.19611798255736232,0.2383948929541985,-0.050128041402160255,-0.4292686318574957,0.26435233393191954,0.0
0.3150461949511045,-0.013772469893501161,0.42705423545550364,0.07199233432511308,-0.013398148727614873,0.6308731268904307,0.7724226117719388,0.1911803824036299,-0.16685779159739977,0.1954384813163091,-0.2804955987480596,0.17735469221465516,0.0,0.19374389056415317,0.270954037721143,-0.05648662043223877,-0.45025544950445556,0.28802509523468484,0.0
0.3070774798275515,-0.011805004055507782,0.4254900724980039,0.06886703436759543,-0.013001896918801272,0.6326937261713965,0.771224306617263,0.187336425063714,-0.1917863956072864,0.1966022130705815,-0.27295314409118565,0.18634892927542163,0.0,0.1932922491993632,0.29638908851330237,-0.06308302080597054,-0.46969515660095706,0.31184007310065753,0.0
0.2983345272190949,-0.0106315846146457,0.4234170709295766,0.06619115591895529,-0.014189850403766918,0.6344058686377595,0.7700302415240585,0.18398030577702232,-0.21777342078404355,0.19620913021440786,-0.26523007224481693,0.20052391627466998,0.0,0.19575493560112125,0.3210321168128531,-0.0655567199942338,-0.47576872942200443,0.33779444597278313,0.0
0.2885249014609152,-0.010337076893667953,0.4208464107947411,0.06344260407481994,-0.01866021980096158,0.6353362443730587,0.7693989139393955,0.18507208088583532,-0.24233706428420115,0.19504403417775973,-0.261454506368965,0.22600560395368988,0.0,0.1965211684207443,0.3323921055264202,-0.06181753355319535,-0.47174137895369983,0.3495357491272043,0.0
0.2787908202959277,-0.009772643583986005,0.41813588092466636,0.06077313711994835,-0.023682267743359724,0.6343976875781688,0.7702501866241922,0.1918266406291745,-0.26552697530164926,0.20219057216943645,-0.2654597689568816,0.25831731305464684,0.0,0.20040827677685089,0.3354037630710683,-0.05841065794500097,-0.4513021278313533,0.34323249565387803,0.0
0.2675284353086715,-0.011432039118910688,0.41482374313553977,0.05838534262554694,-0.0320265910879132,0.6342535401944401,0.7702518393230904,0.203208499600734,-0.28724301100485483,0.2105382571810276,-0.2746023491373582,0.30670854695731536,0.0,0.19639482886443563,0.32455907238372894,-0.04919044349579174,-0.41688932091958686,0.32501022542144203,0.0
0.2571639062016138,-0.008441154895843168,0.4116253549089277,0.054663307375138574,-0.039434899341072194,0.6311412844554948,0.7727337773105544,0.21492470646422945,-0.30835502546350024,0.20456528293389561,-0.2946969389653267,0.3602548207348172,0.0,0.19466517673462544,0.3113871519177368,-0.03962315913362636,-0.3878698514515297,0.2916867529357553,0.0
0.24596512505496218,-0.003963259696068838,0.405946857045677,0.05052802154538309,-0.050376401165266774,0.6309318672393083,0.7725503971562397,0.20602583294320992,-0.32530456310916234,0.19539299123571724,-0.3194603315527085,0.33447544560619225,0.0,0.19585060723442999,0.29226076264470047,-0.03834130244774959,-0.35508755948385995,0.23882297131239785,0.0
0.23538183958984513,-0.00020221321364846673,0.4075622289213223,0.04940929447248454,-0.057316061248294706,0.630198812977617,0.7727373725039537,0.19752797747471826,-0.33517061994603714,0.18883042538818431,-0.33108709506387973,0.3518879876998274,0.0,0.1953340172218472,0.26549454600400263,-0.047426860052971656,-0.33319068716324396,0.18082501235898019,0.0
0.22594275690622104,0.002053655149865351,0.4097546334334382,0.04843338484083235,-0.06070943202157918,0.628466818645366,0.7739496301170047,0.18752814304180335,-0.33813424191628466,0.1744191256859343,-0.33225116598641646,0.37669472707463786,0.0,0.196352109003827,0.23775593471561185,-0.05094925461716271,-0.32752845481459275,0.14849877463735345,0.0
0.21664305032952763,0.0035409335866406298,0.4119018155928274,0.04637482864076675,-0.06302766516883376,0.6266942550038593,0.7753265115014842,0.17887493701840212,-0.32218433617308095,0.1519279357997218,-0.32222502213567217,0.38125607980784043,0.0,0.19748519076046667,0.21115079246119886,-0.04570931509000187,-0.3315526892957448,0.12347629865455813,0.0
0.20806815074006596,0.005462505172248153,0.4140763564128361,0.04402918571376574,-0.06479466904098255,0.6265546128866002,0.7754304602862679,0.1702967817964189,-0.284318646054701,0.14182261766844467,-0.30176293627364587,0.3603026495423003,0.0,0.2029290952752119,0.18574732298356003,-0.04673334763042509,-0.3439125523889111,0.11138714541762712,0.0
0.20040180793879925,0.007674412918891349,0.4160454413188046,0.0415403524691455,-0.06472784139847329,0.6273758353154505,0.7749091991497277,0.15952536064754652,-0.23037477271640922,0.1322020888744264,-0.27410543187263753,0.3250946228671012,0.0,0.21116424582868853,0.16062927729645834,-0.04673095605996533,-0.36578596516104395,0.10906376455982224,0.0
0.19332436279656715,0.011190411990468444,0.41773137233346214,0.03883264036019267,-0.06300243642616808,0.6291242034623695,0.7737735170350947,0.14886807562099,-0.1667381289081732,0.126247694220695,-0.24778352653178323,0.2826200291294187,0.0,0.22079209699232735,0.13537147189755375,-0.04593546356885519,-0.38693287708390073,0.1093583077134427,0.0
0.18535663540215544,0.015334961346310644,0.41902226773206547,0.03567768364255928,-0.05973836049128921,0.6306363788614723,0.7729529020789055,0.13844721168157476,-0.10136201361720493,0.1213250287462754,-0.23147954941550095,0.23631771688874514,0.0,0.22830486824364393,0.10503197646746093,-0.04719822362109084,-0.4094492421915735,0.10333467872854014,0.0
0.1791411639868283,0.020305667318821673,0.42005649494874847,0.033582348792459485,-0.054231723553348356,0.6327988174551372,0.7716843931539584,0.13440135948714863,-0.0420867128970557,0.11648733752962771,-0.22985089365439904,0.19449669308094814,0.0,0.23511872663029246,0.07519294436972429,-0.0480052531541481,-0.4272916857086539,0.09385325174020756,0.0
0.17517061304158194,0.023393353267494765,0.42248426344565854,0.03430842982279872,-0.048833732222080733,0.6344880011536366,0.7706251842708084,0.1381123550776759,0.0029559788976040724,0.11957699630179089,-0.243556706016598,0.1634906620557026,0.0,0.2393380846136774,0.05084846644813832,-0.052204943578513546,-0.43890473022813314,0.08882140062343584,0.0
0.17218779310260623,0.02506567256820013,0.42424433964383595,0.035380182149280265,-0.04477293080887972,0.6364514073230175,0.7692029858850106,0.14935221757564915,0.028559574726734222,0.13299254964268287,-0.27080721764841587,0.15240728533192466,0.0,0.24114251343685497,0.03263079505809724,-0.05757706325855527,-0.4494005026999389,0.08732084082923244,0.0
0.169824011108853,0.026800066650157554,0.42558717112570627,0.037494645920327065,-0.04164053431654167,0.6375448260323743,0.7683728341296887,0.16780583822003703,0.039757179558194695,0.1524773607296865,-0.3075841977910666,0.15248540550929948,0.0,0.24645753941972923,0.015613871836095576,-0.06408355406274799,-0.457601413587393,0.08690947595129021,0.0
0.16862222153501794,0.028418763446487423,0.4264980898882459,0.03882165704172284,-0.03922925860598469,0.6383743887581412,0.7677448039494814,0.18701180265000839,0.03820569702319819,0.16459121014565364,-0.3450381530493372,0.1596097790997118,0.0,0.2520658640530995,0.005405012223889101,-0.0662428447996867,-0.4644962494055761,0.08688296456513592,0.0
0.16873524641525472,0.02921137859138607,0.4268385440941688,0.040744412856031066,-0.03848556015145259,0.6392817455570923,0.7669273787512882,0.20643464680577514,0.03136887640587638,0.17790615068730573,-0.3769018023068343,0.16845195686253475,0.0,0.25883162393400255,0.0015998146426106623,-0.0694320857893971,-0.46980018945071594,0.08855922159155269,0.0
0.16867447961818466,0.029550385317450006,0.4269565889542546,0.0417258925211378,-0.038233739438407695,0.6401969872810827,0.7661233246273698,0.215809905616237,0.02728838168073268,0.1840529737730288,-0.39151332392178095,0.17299343539581746,0.0,0.26066067078519406,-0.0006523774984440503,-0.07132402449942857,-0.46952473426493385,0.08998026097461309,0.0
0.16855957824044066,0.029572138917274025,0.42702881205308435,0.04254519762768551,-0.038406185809659224,0.6419329083385344,0.7646155976975648,0.2196444913219782,0.025542591905825928,0.18577223579757765,-0.3937285703751669,0.17561842664847055,0.0,0.2592118658957282,-0.002791450682851452,-0.07194049891784149,-0.46447513434285953,0.091661611059432,0.0
0.16891532271298906,0.029053457108713477,0.4270705128858252,0.04414990392132333,-0.038797134310818465,0.642518288944862,0.7640129689503782,0.2211241555345658,0.025424633561914375,0.1859311613350398,-0.3921810849864263,0.1789435283749376,0.0,0.2573300343239237,-0.0040616025435822566,-0.07147249674044719,-0.45595328438444516,0.09577811575296628,0.0
0.1689100684349727,0.028911789363128007,0.4271403350333069,0.04480932579520558,-0.0390159876139732,0.642420856045218,0.7640453656363693,0.2222677315327299,0.025994541899413172,0.18498478612191704,-0.39014382835244654,0.18443444375324217,0.0,0.25410111888643755,-0.0061897512187157055,-0.06977594561246918,-0.44439797187911123,0.09996221070982737,0.0
0.16919260849007148,0.02823232395192451,0.4271640700718208,0.04599361895454979,-0.03974114851623059,0.6423452699728397,0.764001166408529,0.22229185445040436,0.028032568561179746,0.18502119219092886,-0.3858347350946762,0.19076414340998815,0.0,0.24833883631637685,-0.007580600696564213,-0.06821469698120021,-0.4264917998312895,0.10671660739055808,0.0
0.1694046905480825,0.027260110305064363,0.4271496506653588,0.04722167551976469,-0.040259982444411355,0.642493958369258,0.7637740245869078,0.22162816634797292,0.029486965297796305,0.18401981631443737,-0.3826196303591453,0.1977382101716743,0.0,0.24014224529168843,-0.009891181824542695,-0.06591297669335336,-0.40546434958659117,0.11605838707424085,0.0
0.16956922299165553,0.02634370509434645,0.4270191696515762,0.047494182574537545,-0.040496255167399124,0.644496938412703,0.7620551504423051,0.2211904082235407,0.031794356256792604,0.18120602057204985,-0.38094515561547443,0.2056009426551534,0.0,0.22438474818574872,-0.012248954371961954,-0.07275778761129985,-0.37295803026096935,0.12703093369803062,0.0
0.16880117047307436,0.025903996552450407,0.4268137647439086,0.04764601205079331,-0.04079520262380594,0.6455898734591252,0.7611040167188499,0.22093999950320287,0.030332831845043283,0.1798548942098664,-0.37899296644124914,0.21067121952575066,0.0,0.2172429971849088,-0.012946331817075883,-0.09871552772911896,-0.35090506582086445,0.14295694533775255,0.0
0.1668133620428159,0.025346537265444214,0.4269154012771058,0.049300097890892645,-0.038822046169034556,0.6488333694437343,0.7583387157303038,0.21891884230119593,0.01899758495081731,0.17405672740059502,-0.3763124832149388,0.21462833210029758,0.0,0.2112861925069977,0.012444124764079757,-0.081661166805748,-0.3301978591597145,0.16345333540865514,0.0
0.16452017695945845,0.02464105200595432,0.42747179999878787,0.053095889677625546,-0.03607576797791098,0.6535442262562936,0.7541613287561276,0.21931540138176045,0.0016268884729598446,0.16858129335620736,-0.37426909001971886,0.21791600829820815,0.0,0.20236849160886206,0.04464016356465671,-0.053505818188513465,-0.3135796231092073,0.16733641390389342,0.0
0.16104572609575873,0.02410845222919659,0.4279223858034655,0.05589138274563226,-0.03325916573484627,0.6593259706090603,0.7490388813071218,0.2182198122844484,-0.018571298931993406,0.1661169255785045,-0.3685556625756974,0.2235049491827255,0.0,0.19440688797742375,0.07762811465877952,-0.03825067472604973,-0.30028492613762314,0.1703809333492063,0.0
0.1575047225894331,0.024255812334923646,0.42831458195513766,0.05817666900273108,-0.030062471260065424,0.6640904935385418,0.7447788526785792,0.21745350683806017,-0.03878263469092666,0.1651695378288955,-0.362731744077892,0.22597504572490024,0.0,0.18893946869861844,0.1160016733617955,-0.023758842444765612,-0.2961351742160822,0.1774168572464511,0.0
0.15322329698031675,0.024706519517264828,0.42859208209142075,0.05988960646703637,-0.026046009383169446,0.6709955360323933,0.7385796037374963,0.2163783277315416,-0.06259216847112081,0.1644999120883776,-0.3540342885100545,0.2281428459646234,0.0,0.18174071116511795,0.15918654471593421,-0.01065042844928965,-0.30127315757231443,0.19151460141264615,0.0
0.14774073843613714,0.02444338245582089,0.4287087061074552,0.06224553535831868,-0.022004828395465,0.6768474985367912,0.7331566985165799,0.21203995915519946,-0.09124769133087987,0.16719401342610854,-0.3424065889567871,0.233521394563941,0.0,0.1754928233010198,0.20375699934706706,0.00206454946316578,-0.32432303921830374,0.20677315518007208,0.0
0.14141752117951983,0.02543164557815122,0.42831405091173963,0.060965266428197606,-0.018424262644213776,0.6836683108396503,0.7270085443713955,0.2086761481375148,-0.1174512335842311,0.16342250586961868,-0.3304274508137107,0.23782144344405612,0.0,0.16926994079401286,0.2502447542966231,0.010626965865452922,-0.3527508525284274,0.23267252430663815,0.0
0.1339700462778389,0.02664541527764327,0.42720713846302183,0.059074097872229135,-0.016140808488547112,0.6876571124591389,0.7234482849148776,0.2006844520271544,-0.1437907528151775,0.16251435441285308,-0.308930614986756,0.24017731428865793,0.0,0.17144173984578742,0.29328417106265564,0.00033723249257844345,-0.3778115320521036,0.25980961809582837,0.0
0.12586681684357995,0.028104498368559192,0.42546781827123,0.05561793441456244,-0.014150153698124114,0.6907500313183335,0.7208126058522414,0.19124944883585857,-0.17096083278830285,0.15715663667660773,-0.2885444854582681,0.24397175715671507,0.0,0.17436603988651972,0.32784942897461483,0.0012508680772532455,-0.3936494330572334,0.28684475343252913,0.0
0.11613530960268566,0.02741301452695567,0.4230658751593497,0.052014573191107735,-0.01483773543951116,0.6933002379259348,0.7186161046585419,0.18174637369933996,-0.19940156427750694,0.15377282552651908,-0.2740371947538172,0.261333819873133,0.0,0.17637883927020026,0.3534624504401252,0.001078553787439702,-0.40323522418591856,0.30859987299000424,0.0
0.10655908019764788,0.02607438674325519,0.42043019028008827,0.04952341981160637,-0.01792105336459937,0.6942998917654191,0.7177561751953057,0.17954936152689355,-0.22625525069193947,0.149885428687626,-0.2724959006606066,0.2839406646360262,0.0,0.17821319267429833,0.3688730779933639,0.008748376375878558,-0.4064285938288332,0.3262169311175248,0.0
0.09398132490762398,0.023715545771673126,0.4168335905632862,0.044598400268897546,-0.022801549116697226,0.6937026229842027,0.7185177401541116,0.17961416087833304,-0.25646465617963526,0.14755855189537936,-0.28252581051545417,0.33509491860689955,0.0,0.18196002327534416,0.37445538195996936,0.02533320002391808,-0.3878490228504452,0.3276975195615365,0.0
0.08137336953085784,0.020325635834725946,0.41244151357232195,0.03912181300525833,-0.03077615493691027,0.693176204611041,0.7190473290371874,0.18569544738957805,-0.28088095155758175,0.15417143674027955,-0.3022690196840684,0.4014006459070816,0.0,0.18119014712787726,0.36671762199706787,0.0372510812532356,-0.36028036860801527,0.30872622050837356,0.0
0.07061142396746202,0.021413345425065698,0.4066107688837976,0.03607603857071406,-0.04258032132172426,0.6924212623044166,0.7193317949221634,0.18823392569141928,-0.30823891890617555,0.14557385034311068,-0.32697521360940157,0.43109175646964243,0.0,0.1790338892228805,0.3549408316911036,0.03550162535339836,-0.32454193705388273,0.2614927860940769,0.0
0.05909883433776702,0.02326955096157959,0.4067814516174858,0.0337461366366762,-0.05657978986528416,0.6938345327644763,0.7171147514759404,0.17286137230293616,-0.33890305094680967,0.11775003611822973,-0.3594200655766073,0.3850992741749713,0.0,0.1743269058908286,0.34450556334448995,0.030684383734786824,-0.2819360022384389,0.18805476954947967,0.0
0.04670756095241538,0.023832122292299942,0.40913340716303503,0.03277470996973182,-0.06451633477055276,0.6907527182184933,0.7194610088169731,0.16589637382678815,-0.3545239236062532,0.08845875383408494,-0.37900093945397784,0.40350167925468783,0.0,0.17297536527842355,0.3184485867703121,0.03426144530243593,-0.26466624218613904,0.11055681774606288,0.0
0.03658605559769877,0.024434605039003122,0.41070264839408643,0.03181619216129118,-0.06874610094466398,0.6887908635110631,0.7209915740596041,0.16060502282726527,-0.35429942262792186,0.054497367017006866,-0.3823453741752878,0.42808713410141097,0.0,0.17420346370639828,0.2940104409624189,0.043350481012666475,-0.2604949414055023,0.05520562794649706,0.0
0.027817642649825378,0.023618189832688107,0.41221825206832974,0.03195091998551802,-0.07051614265594461,0.6863431659590603,0.7231456774940295,0.158264003099684,-0.34075893426737275,0.03191238837758113,-0.3847765412939621,0.43014605800819855,0.0,0.1799245199749962,0.26625125183708015,0.047996259894137534,-0.27529520018409026,0.031038009664804467,0.0
0.019407587549847546,0.02385998957362085,0.4139877726616324,0.030956925740523736,-0.07175776572388279,0.6855060981637927,0.7238604017262336,0.15713581862689485,-0.31210505954667367,0.017268486900338647,-0.3785293048419128,0.41697103869447116,0.0,0.19183774307939894,0.23856235459141134,0.05185503762398612,-0.30198939774132344,0.014119773052213961,0.0
0.013334583577746088,0.02379214046852307,0.415746737902533,0.029506336368605682,-0.07186712223967306,0.6853685632449922,0.7240403478885589,0.15547639872892813,-0.2694678281050715,0.008191297199696565,-0.36380316215353786,0.3918341037634216,0.0,0.2034905929618346,0.21674792553686653,0.053620638910335826,-0.33028524515185975,0.01884103450356146,0.0
0.007889271537078,0.02503986003536822,0.4174775558494033,0.02847729282198014,-0.07015465568111157,0.687277454000486,0.7224382806180782,0.15551934944099322,-0.2142011116962782,0.015127329808919902,-0.3408257219928008,0.35434980404553046,0.0,0.21704072856063783,0.1922016592782898,0.047685397619527684,-0.35882229665585325,0.034829658810050367,0.0
0.0025972592960083075,0.026591909125947787,0.4190364746105683,0.027423725608693328,-0.0674889875416152,0.6886874565408958,0.721389466957744,0.15331079276228934,-0.1540677993728002,0.027410334516306263,-0.3143154808235026,0.3103898447576227,0.0,0.23061432646846908,0.16623391050654968,0.03762343329011536,-0.38603084151320366,0.05409235782028626,0.0
-0.0020716454634815444,0.02862486867618522,0.42018537937278966,0.027131119018127366,-0.06357120016383298,0.6921699842632553,0.718417230984585,0.15382878651516932,-0.09246603420352499,0.03594182799959805,-0.2810273076784881,0.25684873685868165,0.0,0.23970986562370714,0.1400442042065337,0.025424779209347027,-0.40656360287808113,0.07229413133603997,0.0
-0.0064433760858315465,0.029939472007959603,0.4205920303570425,0.027550057109184317,-0.05840035301376402,0.6929280076223467,0.7181094410837897,0.1518840269427806,-0.039967231334330666,0.04233179676158268,-0.2671434717419537,0.2120197777281655,0.0,0.2472336841276215,0.11437281203553404,0.0166227543779997,-0.42743941098597604,0.08367673494883807,0.0
-0.009924077761503983,0.030696175914898684,0.4228436748027458,0.029266475141310658,-0.05280348690777735,0.6924071799444993,0.7189767467481047,0.15914588624038248,0.003990531029126103,0.04743939194655085,-0.27229978547274053,0.18019809875664147,0.0,0.25233788232129795,0.09071013838118702,0.01300589980485116,-0.44427624308354885,0.090333590165688,0.0
-0.01336769854783693,0.031907503921254986,0.4249536235272096,0.03189801237421466,-0.04820733942473327,0.6910701245666859,0.7204725200613467,0.17349815627556037,0.03462171484448269,0.06458904376889821,-0.2976170090327198,0.17027279018111086,0.0,0.2608234841601835,0.06811966501463358,0.011527198025012522,-0.4587447447709455,0.0909261823295034,0.0
-0.016815071813034398,0.03269043007964598,0.42618475604378125,0.03390944407934268,-0.045486710140033464,0.688039424894712,0.7234520430501387,0.19373145517681556,0.05148001967934939,0.08088858971738766,-0.3338130585392035,0.1674435952536081,0.0,0.2701264418357394,0.04879433354768369,0.012293577350849951,-0.47229811845145603,0.08847824751329689,0.0
-0.01936331413632614,0.034119669551786545,0.4270139573596866,0.035500401424477926,-0.04447959222344281,0.6844572193503815,0.7268284544880451,0.21559413435197455,0.05278209639737139,0.09435779459791356,-0.36856015083756655,0.17392006726265863,0.0,0.28143501118438613,0.03633565318524584,0.01683502909002182,-0.4788296106995189,0.0845537720590608,0.0
-0.02179950546109767,0.035763461462536776,0.42734913969581234,0.036806095517676954,-0.044832336081390686,0.6826950023184023,0.7283974922964144,0.23868458821826985,0.04375543708711559,0.11369592872268199,-0.4032301486550603,0.18876158288578354,0.0,0.29392490235657603,0.025557684045243535,0.0216886431273671,-0.48597164113213404,0.07854374469758009,0.0
-0.02351493445074792,0.03661144465805763,0.4274997987660773,0.03748045057240962,-0.045370626469986255,0.6815418483031246,0.7294089601109727,0.25300420637617177,0.03582335591672876,0.1207560588288104,-0.42390699029351314,0.20036156492260482,0.0,0.3002098885974433,0.018977685954028843,0.026588132729175512,-0.4875622966089196,0.07457564313965259,0.0
-0.02477209176460521,0.03718369186597023,0.4275950973740988,0.0372901933480123,-0.04480057967163658,0.6800383758286519,0.7308557702730971,0.25861059840737477,0.03024226414100277,0.12113618006586639,-0.43563419884824184,0.2068909154177576,0.0,0.30331104293988703,0.013551196808901374,0.03244488080142796,-0.490476488025437,0.07261627070052862,0.0
-0.025708947931612852,0.03744865026826102,0.4276408504490002,0.037766741420984754,-0.04515975647375191,0.6790501993379099,0.7317274741437665,0.2645802137654005,0.026479461609831365,0.12383082493847053,-0.4442643182642442,0.21327174262141269,0.0,0.3062137414235063,0.009548812690796257,0.036197674348374176,-0.4910917052479453,0.07011581406713059,0.0
-0.026319961260756922,0.03782474189187296,0.4276672675964304,0.03848155907767633,-0.04536589542601206,0.677329256338357,0.7332708801331711,0.2708483543874063,0.022968471224798635,0.12523312877800577,-0.45352937360364315,0.2187242409717819,0.0,0.3093321855266266,0.006457906017179585,0.04044017111232529,-0.4892786681082508,0.06848064455511305,0.0
-0.02674288104913622,0.03807724063188538,0.4276903109750066,0.03932361121470464,-0.045857475523831695,0.6757886360042498,0.7346158621940663,0.27631868532868714,0.02062566110399877,0.12878370584830687,-0.46034159630992405,0.22331266739412256,0.0,0.313181956246566,0.004245739566792383,0.04255493119657464,-0.48939188834843383,0.06643977902156817,0.0
-0.026608775361589444,0.03825914841245834,0.42771096832328404,0.04076745499625231,-0.04673921707146744,0.6751215199533798,0.7350948193916976,0.28344909302957144,0.01948718422398737,0.13350072423182913,-0.4667005502100096,0.22625741201570504,0.0,0.31834960965435927,0.003687177448932839,0.040066188193758887,-0.48986176311839325,0.06733778273820275,0.0
-0.026302008213132794,0.03868968955648979,0.42771632032008045,0.04236955625407948,-0.047632279516979605,0.674472114275883,0.7355428972636934,0.2910300938598207,0.019024177762932516,0.1376045215415822,-0.4714603965787926,0.22713166862546993,0.0,0.32404564766168925,0.003430033595963936,0.03675043668648571,-0.4886529863671742,0.06904368728378141,0.0
-0.025920077907544574,0.03946252293125819,0.4277358037793149,0.04271153108996725,-0.04759328021513032,0.67383783777511,0.7361067675092241,0.2957925658238256,0.019805942397217263,0.1428288332298226,-0.47494773305989624,0.22651802042069175,0.0,0.32880305701464546,0.0034352659715094105,0.03195825758127083,-0.4904100795733723,0.0699670625562068,0.0
-0.025660569293245512,0.04037483019524939,0.42776071018789474,0.04268798317939381,-0.047297780251063855,0.6738548972012643,0.7361115632791478,0.29960019127104903,0.020154645697075698,0.1449377410667957,-0.47677778918827524,0.2250401309504093,0.0,0.33260659999236486,0.003424603022542544,0.02797032595156728,-0.49187476870313374,0.07085085001825026,0.0
-0.025457873855942847,0.04082456976119184,0.42776097331478835,0.04316212520929231,-0.04782666056486732,0.6739825035123724,0.735932895341569,0.30298720422080416,0.020978834899249968,0.14737317480505419,-0.4766225666725586,0.22333973628925016,0.0,0.33664647671959547,0.0038359714048222335,0.022017032266258736,-0.49389679681397414,0.07139572351813575,0.0
-0.02489778670143057,0.041298550794154204,0.42778305088083235,0.04332565792690179,-0.047608524730882396,0.6738868106212951,0.7360250554218982,0.304982812367522,0.022303866643211764,0.15001070954886347,-0.47758789637490023,0.22098704082808532,0.0,0.3411584302828669,0.005089559606962966,0.016764122721766216,-0.49921790826412044,0.07366041085784941,0.0
-0.024556699462705143,0.04177516455381733,0.4277866823107012,0.0432652323852776,-0.04744601693146701,0.6728066381568747,0.7370266092862798,0.30663977147653504,0.023512506888629686,0.152566814632335,-0.47943638486344375,0.22018195689286282,0.0,0.34527870334020294,0.005685175329214752,0.014455695113693639,-0.5032471126704021,0.07419490913345138,0.0
-0.024382173823556518,0.04221200980647649,0.4277931710392033,0.04289354241657541,-0.04697699365044707,0.6725750472086377,0.7372897069394238,0.3077519630206537,0.024202699792789953,0.15358928401146332,-0.48121466896610543,0.21926229026823493,0.0,0.34852992044500397,0.00570274256278974,0.013321830107089552,-0.508892813457944,0.07547783396055185,0.0
-0.02417832784363949,0.04276973623545227,0.4278065015982241,0.04239468821029974,-0.04674293481986692,0.6713577711809174,0.7384419621953828,0.30892363050748317,0.02551117112053903,0.1571425536960843,-0.48282925107826974,0.21901069299743445,0.0,0.3532784232334367,0.006669870481961255,0.011221113038264988,-0.5145633525002485,0.07793640637357525,0.0
-0.02419270903684873,0.04297027000461608,0.42780876508093374,0.042100862573857166,-0.04664376019080379,0.6705624585837786,0.7391873011246048,0.30974622908562255,0.025825363381108992,0.1575552190599917,-0.4848868182015069,0.21967983372056746,0.0,0.35568185841797595,0.006782022005879265,0.011878405324574128,-0.5180430310077401,0.0785827551717264,0.0
-0.02422751057066845,0.042842311935774445,0.4278181269392346,0.04208180831642542,-0.04661198041014272,0.6700408987066852,0.7396631927785787,0.30987388976483227,0.0258302297766149,0.1581193004147234,-0.4866290109302803,0.22121773786812085,0.0,0.35713204259252634,0.006577119727988621,0.013851503154427616,-0.521325797319972,0.07980713232035706,0.0
-0.024331311197695736,0.04276107434275108,0.4278225069727863,0.04187654529126475,-0.046545061346807116,0.6699450211690093,0.7397658959627332,0.30960295280069516,0.026035074857274635,0.1587807079815774,-0.4871753726194962,0.22258809494647064,0.0,0.3572248961024941,0.006343693582802819,0.015593054419532008,-0.5229062469995783,0.0802058612860824,0.0
-0.02434521825885144,0.04249135836175285,0.42780533517617236,0.04203257882513992,-0.0468062132274146,0.6693846377655923,0.7402476933054531,0.309191967957596,0.026478634041895495,0.15984046914093847,-0.48742199239815714,0.2234454708583548,0.0,0.35775065747603857,0.006093749133216201,0.01678145441468417,-0.5239513691368344,0.08069796034526294,0.0
-0.025042231591063658,0.04217598438050633,0.4277815284589988,0.04186615613483602,-0.047554126242453476,0.6683172168440435,0.7411733452557784,0.30867324002557317,0.026553692628116136,0.16220351365034819,-0.4868152875936959,0.22667664397909779,0.0,0.357368600492352,0.00443039827590873,0.017498099928858084,-0.5233558326736908,0.07939748397536767,0.0
