0.0060719248858369995,-0.0003350934245785173,0.408701240719139,0.0060540491904412215,-0.07800445807070959,0.24115977843764788,0.967326529292668,0.3314337093869373,0.11692275013663758,-0.1826053716394674,-0.536318389405733,0.1957658839881619,0.0,0.40192629329647017,-0.13334368208748762,0.18071006712580384,-0.6496246567106859,0.24868758246700473,0.0
0.0064131061232271976,-0.00028315559799087133,0.40872784233036186,0.0066623401781983616,-0.07955974279800136,0.24130092366568323,0.9671606509713646,0.3393456836160055,0.11739355892848741,-0.18099017972829842,-0.5419061571758088,0.1983014821751069,0.0,0.4073853485338445,-0.13338355874593638,0.17896977952898566,-0.6499812328355343,0.2502876480454822,0.0
0.006895005999991595,-0.00023186007403884414,0.40876252191769097,0.006914593017502209,-0.08016374492371393,0.2414248125695917,0.9670780848922932,0.3452700010786125,0.11824047957430449,-0.17786687363950635,-0.5469565214088568,0.20015500285844232,0.0,0.4108808421812624,-0.1328330261016457,0.1772190161724567,-0.6499999530820889,0.25098177201676236,0.0
0.007209274383830443,-0.0001560651378355038,0.40878776175393566,0.006934571373122648,-0.07984967030685335,0.24144276955127594,0.9670994420963996,0.34671350411412055,0.11848280554964642,-0.17651915799445594,-0.5486664809933867,0.2005435014284841,0.0,0.4116050757183113,-0.1327136895671716,0.17636474068667174,-0.6499999976541044,0.25128305639659076,0.0
0.007479499949495394,-3.98323320154669e-05,0.40881055403444616,0.006850766435167786,-0.07961523324426671,0.2408635062724851,0.9672637969968877,0.3485646909238135,0.11919844642496963,-0.17541530508644082,-0.5517638238169242,0.2011851230946382,0.0,0.41247114534895707,-0.1326685505914778,0.17544772516352022,-0.6499999998827053,0.25158210234254713,0.0
0.007398326443784768,-0.00011957772143381915,0.40881541670117666,0.007034941123632947,-0.0801199358043929,0.24058379488128023,0.9672904130252761,0.34949793753729413,0.11920512969241327,-0.17562732443723958,-0.552293262550013,0.20161621253032283,0.0,0.4133432310386617,-0.13262422066358592,0.17588251795924253,-0.6499999999941353,0.2519542859939785,0.0
0.007416146453407508,-0.00012568525360299201,0.4088188247471356,0.007208893330167099,-0.0804943947040942,0.24061801444078879,0.9672495310956466,0.35035030559296243,0.11907804693493293,-0.17569728115890487,-0.5521202598980217,0.20153900963025498,0.0,0.4143148138498553,-0.1327312961816162,0.17661527009030206,-0.6499999999997068,0.2520641249261698,0.0
0.007456820237024583,-0.00017023153309454243,0.40882349120282657,0.007377619150601318,-0.08062220397193962,0.2403497536387143,0.9673043093505711,0.3503003868339618,0.11902673951227644,-0.17555899771399402,-0.551446055403325,0.20124879487878258,0.0,0.4148282946798198,-0.1328410584629797,0.17737065873225813,-0.6499999999999854,0.25207980440747596,0.0
0.007375916240611997,-0.0002433079370522284,0.408826017053417,0.007616479399677683,-0.08129280485421864,0.2409343896710503,0.9671008680558233,0.3510949399644407,0.11877111431992071,-0.17662197112805375,-0.5502118365141988,0.2008104465488055,0.0,0.4157632631558049,-0.13290620192953986,0.1788753038840921,-0.6499999999999992,0.25209148628097505,0.0
0.0073213061176033815,-0.00031241253789341175,0.40883130418586794,0.007805239034093875,-0.08170202350830218,0.24104371636265015,0.9670376333940433,0.3512599141547286,0.1187372359500146,-0.17667750954861014,-0.5490401769149689,0.20082487009103173,0.0,0.4164284077307013,-0.13289931142649952,0.1800791735374493,-0.65,0.25228622112524346,0.0
0.007240451099379304,-0.0003731626401280738,0.40884262494228474,0.007933537663699966,-0.08203093648497294,0.24129347551915825,0.9669464530735001,0.3511862621939204,0.11858037005823906,-0.17673836867926718,-0.5477073288169187,0.200934701964822,0.0,0.4168104354553677,-0.1328238971081218,0.18088304005286754,-0.65,0.25283256056307907,0.0
0.007093716133921056,-0.00035927930411854485,0.40885092258365735,0.00804075602420144,-0.08269075599589497,0.24169851290661817,0.966788194991083,0.3520597371051785,0.1182849440828646,-0.17739338867197713,-0.5467974929081194,0.20156492558108524,0.0,0.4177549960396586,-0.1329292282466183,0.18207308362445176,-0.65,0.25339094277184543,0.0
0.0070742746154316355,-0.00039192921351945424,0.4088721094686219,0.008164497839424679,-0.08293581098305935,0.24197571106243032,0.9666968229426659,0.35268234294278755,0.11823718086076834,-0.17808934460062584,-0.546681194764802,0.20222551425808627,0.0,0.41830315305476645,-0.13281314672765812,0.18202673235621503,-0.65,0.2543909861787369,0.0
0.007069895232054187,-0.0003999709645480781,0.4088964063030352,0.008248340574660276,-0.08300822537778131,0.24209248476586642,0.9666606582546355,0.352861592681591,0.11804033114346038,-0.17769927020096135,-0.5462304331004363,0.20304042691656093,0.0,0.4186782743669311,-0.1327514975069384,0.18159180220617613,-0.65,0.2557260567126131,0.0
0.0069328774091898795,-0.0004933672353181378,0.4089204055397396,0.008446532370190897,-0.08339043247993379,0.24246822993805126,0.9665318666926807,0.35303328729973843,0.11774797663099279,-0.17780513980557933,-0.5453319081833923,0.2037526898001937,0.0,0.4184981533636376,-0.13261649345555881,0.18186271155537,-0.6489090353753706,0.2567462544774955,0.0
0.006869992053469529,-0.0005919757392493535,0.40895636089421405,0.008631401812330814,-0.08374554827094166,0.24308108719863808,0.9663455733296874,0.35345494712176384,0.11761926400406886,-0.1778630567169417,-0.5443116785439258,0.20456419312788718,0.0,0.4172391994438527,-0.131963401066408,0.1818467240546103,-0.6453602333289821,0.2566678783773237,0.0
0.006595121452342534,-0.0006478734386569711,0.4089743663608942,0.008792651082931036,-0.0844445760591749,0.2438213962362127,0.9660967496056202,0.35343573622015856,0.11731520652603974,-0.17907024638583777,-0.5422798612824221,0.20491206861566336,0.0,0.415237626281125,-0.1316992888084456,0.1823033760441908,-0.6405105596366326,0.2556892408873239,0.0
0.006331597833133858,-0.0007501760549009688,0.4090071636368429,0.008996614985279594,-0.08512903369258042,0.2446080185073241,0.9658359207563649,0.3529805751479807,0.11678296695662421,-0.17917450010386388,-0.539298461197107,0.20516666490146213,0.0,0.4123801609818527,-0.13090126661269372,0.18194176499933679,-0.6339681922513061,0.25399770834129676,0.0
0.006173110427680827,-0.0008992248579438671,0.40904117386348404,0.009187255796767024,-0.08555350382085289,0.2445257734878736,0.9658174456982322,0.35158426554550526,0.1167011914575511,-0.17870015161321795,-0.5359621094837708,0.20467059568154936,0.0,0.40913901284466886,-0.12999703137097815,0.18112176314212128,-0.6267007528815577,0.25207892187493075,0.0
0.005649438251427351,-0.0011306210511149801,0.4090742826896516,0.00936044487660422,-0.08662685823096652,0.2438897203959143,0.9658809314765187,0.35006645214389315,0.11663914946624795,-0.17887113485063358,-0.5324707449278634,0.20550175891025668,0.0,0.40534086937834857,-0.12880400613781096,0.18175700958738808,-0.6179420577905402,0.25017031718871147,0.0
0.005109318566313337,-0.0013420260015649136,0.4091015611043422,0.009460434436281326,-0.08754494466557963,0.24477151256662946,0.9655740724976113,0.3496289946517262,0.1164579142634602,-0.17938676263927208,-0.5305667528418043,0.20756360663355888,0.0,0.4012657703514315,-0.12761027937146996,0.18191792934518466,-0.6101467736672784,0.2494242068162711,0.0
0.004716851064738337,-0.001564631686207806,0.40914231631121123,0.009575310430091072,-0.08840011939326203,0.24470363796468844,0.9655122277259214,0.3482897310717204,0.11626354070454012,-0.17947379646880582,-0.527034738238513,0.20835090017878824,0.0,0.3975008610863208,-0.12602492216233044,0.18026214124824197,-0.6017200783302596,0.24837203407756112,0.0
0.004378498035546255,-0.001861427639434849,0.4091660356624777,0.009621793815490913,-0.08899708668327641,0.2452814483703819,0.9653102872812398,0.3471889443332629,0.11675670573060544,-0.17955719567733683,-0.524638210637561,0.2095232160715306,0.0,0.3942297043269083,-0.12454780065501707,0.18006958388589336,-0.595818102889618,0.2482511839388068,0.0
0.004047872711162681,-0.0020745093469842378,0.4091868347978239,0.009537658077109884,-0.08914618109370141,0.24554124912492528,0.9652313124080596,0.3450681535133724,0.11694364681880998,-0.17955332386562253,-0.5220693612814743,0.21082316858867772,0.0,0.3909023067748604,-0.12348492693922217,0.1795484308518711,-0.5913043952747761,0.24880729101640373,0.0
0.0036143851437313015,-0.0023107499919292687,0.409191698331802,0.009547441147965149,-0.08964252400770001,0.24614406838284067,0.9650316895610211,0.34288592414628627,0.11692825858924673,-0.18025850610287325,-0.5184363380590926,0.21154208777930458,0.0,0.3874470801451244,-0.12265078074428395,0.17879162197223825,-0.5861738118667478,0.24893868480377174,0.0
0.00325884897868057,-0.002558211158072839,0.40919610191553696,0.009675180546895402,-0.08999181485533145,0.24668397843320541,0.9648600307426953,0.34064395289830474,0.11652074467270411,-0.1810459910165623,-0.5147275821372298,0.2120910325152714,0.0,0.3842041342586923,-0.12205780860483105,0.1779865715021365,-0.5812762089530432,0.24943173700814011,0.0
0.0028561357455579722,-0.002807348950692537,0.40919128894413787,0.009849640142742476,-0.09041447693779887,0.24773740608706915,0.9645487984412058,0.33834755869642946,0.11608514117623811,-0.1821794470125427,-0.5105771958150812,0.21248530601020973,0.0,0.3808915920562123,-0.12167306883535206,0.17866281653121346,-0.5766247072098101,0.2498981453693715,0.0
0.0024547394292304564,-0.0031513499099031076,0.40919149519592524,0.010044163554934258,-0.09110878056636287,0.2480743144863998,0.9643948565677315,0.33547962237424356,0.11581172278093461,-0.18442031830820174,-0.5049423939171943,0.21239310099931133,0.0,0.3781958355134564,-0.12073113414517107,0.1792832673395192,-0.5719568694453775,0.25047157455676866,0.0
0.002157968919157489,-0.003426653157867163,0.40918134070610623,0.01008020890074284,-0.09098154480658245,0.24937421355041178,0.9640711848765314,0.33116731645004305,0.11539613435348636,-0.18802941557025635,-0.4985897213343567,0.21145562344364802,0.0,0.3742420746673377,-0.12017694414797271,0.18013050288075122,-0.5681958489078466,0.25135456763317626,0.0
0.0016818902628206892,-0.003837636171060481,0.4091740755425706,0.010285390085702157,-0.09104350862820758,0.24985809896162395,0.9639378717898442,0.32611922730765025,0.1147072784706453,-0.19179610131995603,-0.49230494511025363,0.2106081604378229,0.0,0.3697513090699715,-0.11934070511372716,0.17949202543018541,-0.563511157813554,0.252676266415521,0.0
0.0008964782555390134,-0.004001785167306201,0.40912258388594636,0.010164500192131713,-0.09140080761032379,0.2509397469627833,0.9636243140862936,0.3204491815451041,0.1133941535315278,-0.19525185871285886,-0.4845037793965268,0.20974803806952647,0.0,0.363757956869484,-0.1189368048191411,0.17979769197676557,-0.557128469101382,0.25173643183667616,0.0
0.00018001809716045698,-0.0043101450788263235,0.4090709275505055,0.01010409555123258,-0.09107779806012913,0.25119309083439256,0.9635895251976722,0.3126620984676005,0.11190469165176387,-0.19764634319992333,-0.4763276155718291,0.20813233629992137,0.0,0.35644050594883,-0.11837428878113265,0.1807328028361531,-0.550359216325489,0.2509307537595139,0.0
-0.0011016872544777475,-0.004358959896972638,0.40895387483337803,0.009805574510885992,-0.09033163598675491,0.25198125080805794,0.9634570543047964,0.3016470496414325,0.10861066843264634,-0.1977137246806904,-0.4659187439873645,0.2072410890471986,0.0,0.34441521580178014,-0.11919612163556148,0.17959046851695656,-0.5398540146746297,0.24869054512585156,0.0
-0.0018812894046451956,-0.004575851631707825,0.408856898998726,0.009109648648245133,-0.08822069658824104,0.2537822871474963,0.963186728378863,0.2922824830623578,0.10773762460137755,-0.19810562244325808,-0.46238556336692355,0.2084304128866857,0.0,0.3326138180291611,-0.11879448011771535,0.17869078274883968,-0.5341665826685327,0.24816102152993263,0.0
-0.002805653799506754,-0.0046113803505992085,0.4087307381541634,0.008374751693792152,-0.08532665333293521,0.2534507671451054,0.963541350642839,0.2795216861007207,0.10554512209710613,-0.1975484349279356,-0.4581692019584262,0.20753739481459038,0.0,0.3163828873374099,-0.11917163493453087,0.17387131077594295,-0.5230064904188081,0.24443448399536355,0.0
-0.0037194545827465538,-0.004771831971599632,0.40857979913747194,0.007494743075104352,-0.0825293686312363,0.25350632494950964,0.9637776067901567,0.2664750241007377,0.10391228096292283,-0.19677494383096264,-0.4532836278190781,0.2062036443208332,0.0,0.29919298355190443,-0.11821506281319145,0.17019018547333573,-0.5109140890390553,0.24006146010938592,0.0
-0.004818480712678866,-0.004944821952478987,0.4083139090586898,0.005991210193192306,-0.07853347135158692,0.25412057551394573,0.9639602338158728,0.24952627575771963,0.10317843580713632,-0.19651846804746173,-0.4474149199383952,0.20563828644415874,0.0,0.27833172774467146,-0.11750820980893567,0.1671457608707612,-0.5007710830335457,0.23505881826687314,0.0
-0.0060750101787797805,-0.004981775170726017,0.407942467999307,0.004191090046731804,-0.07413987008891965,0.2536064242348036,0.9644529516851796,0.2302551085491149,0.10228336815062429,-0.1940187378734156,-0.4402031913396775,0.20597146094403,0.0,0.2548566070115757,-0.11740919073366078,0.165106248133628,-0.48946590546567686,0.22847575809330062,0.0
-0.007512397610659824,-0.005734845832329466,0.4075419049163154,0.003726322950974352,-0.07150332255822099,0.25296139787768596,0.9648232587184906,0.2121560198522356,0.10074056264527799,-0.19073146438393018,-0.4310163494440252,0.20421235629040277,0.0,0.23303189636928764,-0.11619096960236548,0.15937220282900802,-0.47628507397352854,0.22447410528481423,0.0
-0.008741133967840268,-0.005868345678635195,0.4071293423235,0.0019778645225253244,-0.06711726611081353,0.25187869868940194,0.9654265802163698,0.19064746104116484,0.09975611533344872,-0.18623169081258606,-0.42020503885071386,0.2027333443022752,0.0,0.20957272227213827,-0.11569754559889389,0.15406780530846215,-0.46496091555681995,0.2191545190081764,0.0
-0.010219773902739152,-0.005894355629693416,0.40666081298048873,9.992435106296162e-05,-0.06357925947000505,0.250951693205095,0.9659093722797529,0.1674893735095774,0.09846665989729009,-0.18134625833757725,-0.40360730384514654,0.199757288415791,0.0,0.18163012364695552,-0.11380138933248325,0.14997209875930445,-0.44148914260676003,0.20902230922219012,0.0
-0.011140091126527085,-0.00652689930500412,0.40614675764307456,-0.0014778666921659773,-0.05695900641092442,0.24913206832609766,0.9667919631597492,0.13577562820357805,0.09736775599744872,-0.1719856386190591,-0.38392714336550626,0.1899541298709973,0.0,0.14822327965898446,-0.11154953963743053,0.1406343732303809,-0.4190255746912149,0.19806396593640918,0.0
-0.012313723118676555,-0.0067987908338087814,0.4055863301201039,-0.0030156240482915038,-0.05232821552427865,0.24826986048811794,0.9672718026722663,0.1067524268546048,0.09526278269777919,-0.16568582077403995,-0.35961098829365196,0.1818849782253636,0.0,0.11851167372242326,-0.10986006364831474,0.13251218979277649,-0.3947793741045254,0.18795164264203004,0.0
-0.01421465076889588,-0.00781771208323361,0.40487452846314287,-0.0033195841464556263,-0.05186258709834657,0.24736979691752875,0.9675264523482252,0.0841320763624358,0.09467942931333044,-0.16001458689970752,-0.3368193078099694,0.1766066430789707,0.0,0.09553589127444417,-0.10770442152969756,0.12394958362398217,-0.37252652302805045,0.17962470580208334,0.0
-0.014967152182146884,-0.008968651704290873,0.40406109032496684,-0.004233691309583855,-0.045835914236028265,0.24635039527300462,0.9680870971007092,0.043030142614954074,0.09286063505125917,-0.1549794809270953,-0.2957394063940145,0.15807465909083612,0.0,0.05620485060622397,-0.10383069536519474,0.11541990936100807,-0.3348907089409107,0.1660071939681075,0.0
-0.01641963176549199,-0.0093409557764157,0.40320010783990035,-0.0060091353904258875,-0.04305286816989411,0.2446255874806829,0.9686426909773991,0.01041843507190034,0.0925309391442386,-0.14887576520981916,-0.26147764197930407,0.14319805693807522,0.0,0.024389145215705347,-0.10113284652064987,0.10858311073185195,-0.3019031648180745,0.15376332780046062,0.0
-0.01721959664733363,-0.010102666096114175,0.4021969736900797,-0.006858794493711206,-0.04132862807108656,0.24247701177210534,0.9692521860702332,-0.024550701396597555,0.092970041825555,-0.14362338295118413,-0.21558078550378443,0.1209460749896153,0.0,-0.0077287996715267974,-0.09584292264785371,0.104037321286633,-0.2593859192989912,0.1369794499689345,0.0
-0.017929409990235803,-0.009754388618686482,0.40102961656585545,-0.008877489985066342,-0.03890030071573724,0.23910553451746233,0.9701734381742833,-0.06038515349086747,0.09287680491233646,-0.1358709428271284,-0.17023859478110537,0.09613600301612991,0.0,-0.04257184625040903,-0.09019000855744948,0.10132759771572308,-0.21102589273288153,0.11360832159367777,0.0
-0.018309332985607947,-0.010603107818674842,0.39942170350038114,-0.009058274674172731,-0.036124527119621,0.23862818435754138,0.9703965971861891,-0.1018859493305938,0.0913024994821361,-0.13356438567555673,-0.11463656598217302,0.06532845834442577,0.0,-0.08163615260878648,-0.0834358062066347,0.09921649897843816,-0.15675674961348326,0.08877676469333846,0.0
-0.018227501762516644,-0.011254986387661061,0.3973005098309208,-0.008946474198302752,-0.03324191149814642,0.2382576044002042,0.9705917009045797,-0.1451809678397667,0.08861756512464385,-0.13096867140821616,-0.051749514317777794,0.029837783326800947,0.0,-0.12448948702876188,-0.07719701101300154,0.09407564289875399,-0.09165726517834857,0.056340605655558984,0.0
-0.020293989868185393,-0.012536472464717308,0.39413115163024737,-0.00932330522576627,-0.029371713975316707,0.23727775159502473,0.9709529581786288,-0.20355992666474593,0.08372890996494145,-0.1345881488642296,0.02417345203179858,0.013340645314020967,0.0,-0.18362458973053908,-0.0715101776435984,0.09036153809694566,-0.012327390623417932,0.03609131382973909,0.0
-0.02144789845104011,-0.014035603417455845,0.390516313448246,-0.007358683674583701,-0.027467820272742572,0.2367112758018919,0.9711638072602807,-0.2561061870203772,0.07500728959009738,-0.1385166699835427,0.10432819249975528,-0.01198592718789732,0.0,-0.2356259819723648,-0.06943817674678748,0.08030460683253263,0.0663351955096568,0.010828885337464336,0.0
-0.0224327564119595,-0.015786733494952753,0.38639503272735437,-0.006630701083416972,-0.018523721487782894,0.23708718796870615,0.9712891283477222,-0.3243123637594425,0.06494375893575373,-0.1446989203080398,0.18484439129902938,-0.03672512795189074,0.0,-0.3049359218775571,-0.06798970488911726,0.07333179171974716,0.14708089496023316,-0.01219070213853669,0.0
-0.02290472201340523,-0.016742974572361832,0.38245885883024433,-0.006953681475637606,-0.010684865409438003,0.23631699121277325,0.9715923834763531,-0.381843826606232,0.05743025969248412,-0.1454480598527009,0.25071648100592464,-0.06391604637442688,0.0,-0.36558726123049096,-0.06405165124995542,0.07142901325006626,0.22119564490773297,-0.036164254526413475,0.0
-0.02351755955699473,-0.01833178327444156,0.3783935768025729,-0.005498618629712181,-0.0011996022963215956,0.23503816359417865,0.9719698492246418,-0.4437853261913906,0.04830897384497701,-0.14532869107789317,0.3167985944684857,-0.08547185790469311,0.0,-0.42633006367755416,-0.06505030710045455,0.0658485488441623,0.28797376548390635,-0.046632868958447364,0.0
-0.025314791361332845,-0.020586667443139257,0.3741727473314762,-0.004340107089067449,0.006454324997824358,0.23534267750310847,0.9718813349915445,-0.503935868789404,0.040637948298517496,-0.1468027483412691,0.37801531593835763,-0.09447077053909775,0.0,-0.4857134490702634,-0.06748834496281744,0.05798728670418916,0.3466084158222999,-0.047725823473201645,0.0
-0.025435036992674173,-0.021793924293379358,0.37055968863812067,-0.00425440161723948,0.016560545858169847,0.2366097559223568,0.9714543076182854,-0.5578468172177978,0.0338050267242299,-0.14648845447676728,0.4276887690569204,-0.11788196370360769,0.0,-0.539213363553041,-0.06757886324717408,0.05620687252313508,0.3946902660448766,-0.062879288148389,0.0
-0.025836250289288598,-0.023194384917980596,0.36718434656268073,-0.00385651648756831,0.027123524316527613,0.23623862541892704,0.9713087838424032,-0.6101386547265217,0.028669571935571916,-0.1444205263690449,0.46840937272893524,-0.1339840030081705,0.0,-0.5905977547244021,-0.069415563942856,0.048738347783536556,0.43516938988029036,-0.07162973785908448,0.0
-0.027284484851511265,-0.024281046667716764,0.36398254653976797,-0.0036344989617411623,0.033505360846840304,0.2378740850230294,0.9707111315351633,-0.6532679949739866,0.023862374190525965,-0.1415014926443908,0.5060222995438962,-0.13852052549928515,0.0,-0.6332612192916468,-0.075517697127422,0.04262658531456192,0.46838297112650035,-0.07254467413514644,0.0
-0.0277388103266053,-0.02486305887571485,0.36071414398346235,-0.0048082863971598225,0.046946304907133696,0.23859696468921293,0.9699713466276125,-0.7099307782960094,0.017363197683414405,-0.13937182080455227,0.5439817867573591,-0.15437228296876968,0.0,-0.6895172209894226,-0.08055031259160489,0.039275557074806074,0.5045976228995124,-0.0791129934241628,0.0
-0.02775790352685634,-0.024811122207121332,0.35796992968816455,-0.006639630964174638,0.057165755795051114,0.2377678116144393,0.9696156245776575,-0.752467803094472,0.013509877856234883,-0.14106443598803436,0.5719073335479012,-0.17102478179412395,0.0,-0.7324590700943214,-0.08288373563257213,0.03662265807277914,0.5338193668479111,-0.09311154917359048,0.0
-0.027912530627146815,-0.02498751029691707,0.35520870091376705,-0.00973723437341533,0.07228041515199653,0.2379043470065689,0.9685464622451474,-0.8060528565913382,0.011140426941737789,-0.13546620240022614,0.5942986749248451,-0.1943293784403667,0.0,-0.7873474834306243,-0.08635802901199588,0.027942292602883195,0.558527310911522,-0.11039861693474876,0.0
-0.027565890335597427,-0.025751130913020448,0.3525187711199129,-0.010907506252325646,0.08285738742735378,0.23918798723707793,0.9673700359312071,-0.8473104051449956,0.006957219426560156,-0.13677134895159132,0.6199614994169803,-0.21051002798035584,0.0,-0.8289850306625524,-0.08977826028626976,0.020633099714547274,0.5818630811513513,-0.12245580137341602,0.0
-0.027579643525956144,-0.026348095459875726,0.3497014043642271,-0.011319792335922218,0.09163732692718256,0.23945663537071685,0.9665065868332448,-0.886789265149547,0.0016907289508458648,-0.13428036778533198,0.6459960761336304,-0.23024211994898944,0.0,-0.8684907015508582,-0.09403832987743004,0.01355515673338302,0.6074592605168933,-0.13520601484089992,0.0
-0.026817109246200573,-0.02648511004697431,0.3466603742588484,-0.013424737634119978,0.10363359719754546,0.23994513117866345,0.9651456822547603,-0.932762783376066,-0.003183322491139016,-0.13467993211706705,0.67812696542978,-0.2530317034371304,0.0,-0.915828467201821,-0.09699430648118867,0.007382123777064543,0.6397020416049792,-0.15297816256853608,0.0
-0.02674379798122276,-0.027101453745331867,0.3438441653311194,-0.01416033164814639,0.10738747768551314,0.24118823887548838,0.9644146660395096,-0.9611523487558938,-0.006295914090673967,-0.13538804128052878,0.7049154689970821,-0.27315990334788715,0.0,-0.945654686420001,-0.09828635920032361,0.004044308681056685,0.6678837254883692,-0.1656113522119791,0.0
-0.02651176117613108,-0.027381239709347565,0.34089775427355434,-0.01420657602696933,0.11206914526678148,0.2400842110673638,0.9641567566910088,-0.992652565781863,-0.007586928760622148,-0.13183091357043153,0.7352827862862734,-0.29111366611618317,0.0,-0.976404313041112,-0.10065807856936657,0.0002710048481525072,0.6989741030042856,-0.17854219070513686,0.0
-0.026080278893414393,-0.028332064243163983,0.3377202131766004,-0.012636293840881347,0.11637849240601045,0.2390215353016622,0.9639320910963115,-1.025110645150883,-0.011793469981616496,-0.13326387105065707,0.7689472612032787,-0.31087659033472187,0.0,-1.006716508762525,-0.10052990165859857,0.0009247087881743973,0.7325376478384633,-0.18781343356993738,0.0
-0.02649301260719968,-0.028683129768912585,0.33434460398317645,-0.01240603557742484,0.11578791980368408,0.2382294246422228,0.9642022553092392,-1.0500003580412358,-0.015202378948015466,-0.13396130709182924,0.8046672336652912,-0.3250232067398447,0.0,-1.0319945514402502,-0.09934210823873559,0.0033914681833803768,0.7700058297152456,-0.1970103635453098,0.0
-0.026228516509417533,-0.02912301325371921,0.33079501945011747,-0.01170075673262789,0.11736238875000211,0.237741954793009,0.96414102958539,-1.0799174062351522,-0.017183344879524127,-0.13176864860449025,0.8427328549547698,-0.3490557682267247,0.0,-1.061302675695255,-0.10096278125077356,0.002344374584081074,0.8088139471341285,-0.2121069918802002,0.0
-0.025501278222804003,-0.029022785562738154,0.32746434561531174,-0.01180987666078446,0.1195123952020502,0.23739199472760578,0.9639618016527285,-1.1067238247777045,-0.020647449260400474,-0.13144870845401618,0.8793345490260017,-0.3721396577796141,0.0,-1.088108432819534,-0.09995995683965087,0.0048404265094385435,0.845573583700526,-0.23071588890297504,0.0
-0.024848218437348902,-0.0291940293863112,0.32403130609966674,-0.011181503591198046,0.12276611736407757,0.23718162143416277,0.9636121278079949,-1.136844809028074,-0.023848887507871584,-0.1312660508940444,0.9145062076642122,-0.3960967646137083,0.0,-1.116940452062704,-0.09951979338000785,0.00790693819807312,0.8800376345528628,-0.24814110680567653,0.0
-0.024103496353761977,-0.028851830906349244,0.3205944665223495,-0.010461482900840103,0.12544556524743067,0.23465651660367864,0.9638932963511554,-1.16507340569882,-0.02829994913304282,-0.1306779150671571,0.9499624420611817,-0.4219316707558498,0.0,-1.1430993196685877,-0.09737334547415198,0.01097540427910796,0.9167360438422094,-0.2672009851481727,0.0
-0.022937709654590095,-0.028601052120446793,0.3171375868736376,-0.00938665993337823,0.12738503580005417,0.23427795700314083,0.9637420724093916,-1.1898996616434339,-0.03448121924977284,-0.1333008179214349,0.9876790667159552,-0.44859104989743465,0.0,-1.16656827544367,-0.09437414742286569,0.018312425656166566,0.951870981328724,-0.2920627848941906,0.0
-0.022832480303208325,-0.028867219156834958,0.31410510694587046,-0.008265063557311355,0.12681387003826086,0.23278483934709016,0.9641893743764566,-1.2063774153774083,-0.036426512837471024,-0.13876749974075864,1.0133953434315308,-0.4509554331540947,0.0,-1.1827104176811882,-0.09194076843762468,0.022709284951163984,0.9773495025165175,-0.29940524296640686,0.0
-0.022136117934035228,-0.02819065250563751,0.30978007411236363,-0.008306472532773617,0.12881530099125357,0.23112315558184932,0.9643234455816596,-1.2405117587127963,-0.039236585450327335,-0.13607490491756177,1.059066987152596,-0.47719078767977396,0.0,-1.21574682729304,-0.08859749582748742,0.02773967472872645,1.0235136440818045,-0.32854715111694416,0.0
-0.021526701302379596,-0.02806202631155301,0.30616274699373597,-0.005925869080809627,0.12855053333501923,0.23074663346988256,0.9644665030975599,-1.2639801559232549,-0.047732329820889624,-0.13589293616972412,1.0963755983804373,-0.49997831360294837,0.0,-1.2358309873306417,-0.08476327600504463,0.03818431296958973,1.0562523000486193,-0.3511834224617717,0.0
-0.022060065750979137,-0.028446082653778255,0.3030748062896371,-0.003944278790834161,0.12376400926539342,0.22977171017101947,0.9653351096279786,-1.2761789421694427,-0.0529642062399501,-0.1401752423098285,1.121908351880338,-0.4999989156801474,0.0,-1.2455483190011778,-0.08070795672864897,0.04626634158099108,1.0824187909738514,-0.3518438954036582,0.0
-0.02108637750792099,-0.028034266573361378,0.29887292552581723,-0.0012068498798526715,0.12161558361960645,0.22650836867977409,0.9663861299978689,-1.2999115256690157,-0.05673301460093057,-0.1399675831812225,1.1642511077839448,-0.49999999986446003,0.0,-1.2645235708045273,-0.07095204593455846,0.05666439915230219,1.1287715588624299,-0.37696349851210736,0.0
-0.021304464794310304,-0.028756714938496738,0.2956370378267876,0.0021781305087681686,0.11626604092043832,0.2257292590187894,0.967224774857945,-1.311356600987301,-0.05921672527967709,-0.14260845642715095,1.190989654308207,-0.49999999999322303,0.0,-1.2722514479335738,-0.06916884124440613,0.060212109526344634,1.154213192301186,-0.37955754923030743,0.0
-0.020843854395219203,-0.02860596722234845,0.29128241183072945,0.005423226075410651,0.11029952197761608,0.22552352837975137,0.9679585436461586,-1.3298312751827719,-0.06366419328480884,-0.13856098015339427,1.2357628093545967,-0.49999999999999917,0.0,-1.2859713565197788,-0.06144133903521562,0.07027938078736756,1.1970007272372625,-0.4008698718667815,0.0
-0.021113772914542646,-0.028123691991975876,0.28820560977150544,0.005631308079544172,0.10412704956870744,0.2265901580404612,0.9683918350526446,-1.336628076193087,-0.07180621481727693,-0.14501843049942031,1.2640777974747759,-0.49999999999999994,0.0,-1.2921250789356298,-0.052875867573508546,0.08600247394843981,1.2226766590144162,-0.4042491540209578,0.0
-0.02102187402193188,-0.027691684233108492,0.2834671783183488,0.009881241754033347,0.09395398047864789,0.2243730794524652,0.9699132599519577,-1.3479710424770668,-0.07990441328742312,-0.14755681117403002,1.3147116435844648,-0.5,0.0,-1.3002856162258,-0.046801951050518244,0.09502833547071292,1.2718476183595893,-0.4176275632830278,0.0
-0.021022693641214688,-0.027586782383487704,0.2800853510219798,0.010944218330628622,0.08661643178697322,0.2260285520107682,0.9702004491369499,-1.3513453278946495,-0.08578921514299383,-0.15708100019984828,1.3459042431270123,-0.5,0.0,-1.3055559419312437,-0.042107249781787696,0.10550785217824832,1.300177096018709,-0.4170702518567829,0.0
-0.021188643762591365,-0.027305467529090462,0.2758374113761525,0.011833768389624527,0.07644363855549569,0.22765154710936542,0.9706652899680762,-1.3605307627757275,-0.08977501049133778,-0.158246036942113,1.384524006453823,-0.5,0.0,-1.315883480566042,-0.03406662574687793,0.11298529138488371,1.3413304220961457,-0.4304032191923741,0.0
-0.022793236364230952,-0.027794800282337224,0.27214261353763064,0.013521839781098397,0.06590265805666642,0.22866155444175354,0.9711786102619234,-1.3651217959281672,-0.09466789264597908,-0.16820298609459897,1.4123508865755265,-0.5,0.0,-1.3241083761735135,-0.03243810114249775,0.12197281474661856,1.364996373827271,-0.4235303080655559,0.0
-0.022862238879220117,-0.027477033690830963,0.26800388353912025,0.015338002906070852,0.05521107007596321,0.2307384360310211,0.9713270600296682,-1.3693901011285967,-0.10141210880264011,-0.17186709104652675,1.4529718728974235,-0.5,0.0,-1.3330921139686842,-0.03368467267108425,0.12792434714495904,1.4028813490829275,-0.42390972434937635,0.0
-0.02333494670689557,-0.0276699634233019,0.26500149993878297,0.017504044837100198,0.04804402882982645,0.2312928394270777,0.9715395010692564,-1.3718370410836964,-0.10741068904104305,-0.18014802421514642,1.4753746977963802,-0.5,0.0,-1.3382609878161096,-0.03170310562519227,0.13445686482523211,1.4236749729173956,-0.41938996878341483,0.0
-0.023199943971747485,-0.02779010181866209,0.26163151049151834,0.021004398476594223,0.03940497672612553,0.23306554509776398,0.9714352859260015,-1.3742271098837002,-0.11576415814775551,-0.1835265981746842,1.506671729192191,-0.5,0.0,-1.344227453511244,-0.03229327447813786,0.14013108952970776,1.4544674828463886,-0.4145963603987187,0.0
-0.023718567249981278,-0.02774298609197945,0.2592254344067305,0.02197097608643483,0.03310636987476862,0.23316821787601694,0.9716243238289409,-1.3754608972650544,-0.1224546662056554,-0.1901565814672812,1.5231877499314876,-0.5,0.0,-1.3479244498862075,-0.026972619795214987,0.1475303663290736,1.4711412603395053,-0.4109628814213955,0.0
-0.02421921009416126,-0.027766287029399324,0.2569292862901289,0.02331677656120845,0.026268927837664248,0.23362451496335923,0.9716922647470183,-1.3767695101926032,-0.12642595894737424,-0.19414396072788162,1.5397655617824957,-0.4952297061484813,0.0,-1.351928295198936,-0.02479978838666197,0.1535193501597185,1.487641728731536,-0.40823841104762415,0.0
-0.024614581328158705,-0.027665050819782183,0.25492141473670943,0.02425674387027483,0.01978648866902652,0.23408270656472613,0.9717126075801913,-1.3770116228704554,-0.1285790395034319,-0.197538510898657,1.5554971660444306,-0.4874851042174621,0.0,-1.3546737152114416,-0.023982319143121215,0.15869827913681436,1.5051627975799833,-0.40081786927533547,0.0
-0.0253518626204656,-0.028089891535697974,0.2531520425600452,0.026775062812409083,0.014338907709414253,0.23438484326471237,0.971669304333974,-1.3811010582100778,-0.1301683147382704,-0.20268280217026655,1.5666889442329945,-0.47811581431537575,0.0,-1.3590425940701987,-0.025938544649609444,0.16586651578350725,1.5151272118971588,-0.39278211608515723,0.0
-0.026117857594495572,-0.028070467894439753,0.25177620888511604,0.02656367426122714,0.008933752864228168,0.23524037326784727,0.9715330802676297,-1.3812956979116122,-0.13369547244964536,-0.20347370921168295,1.5764612387544452,-0.46272469484001577,0.0,-1.3636237206235922,-0.02583588972105818,0.16675722121878886,1.5267797857050975,-0.3797040838631356,0.0
-0.02739372892087967,-0.028156589951310058,0.25065341978710487,0.02716465488151033,0.004036650440212962,0.2349122200312253,0.9716285482932218,-1.3846886480560474,-0.1335011261513137,-0.2046296464270168,1.5813830011526322,-0.4512628575394577,0.0,-1.3668111487036803,-0.02888769896654277,0.17388250817246556,1.531431315740587,-0.3683602760689307,0.0
-0.028154255526328026,-0.028282073954730973,0.24986250494662357,0.02801064794969227,0.0006953906707945462,0.2346993330288059,0.9716641102300152,-1.3860950706836996,-0.1351492509155248,-0.20705270096140538,1.5861988590322584,-0.43813253183673034,0.0,-1.3684411958796796,-0.028603567163260204,0.17747594207669196,1.5348876946488534,-0.35844178866517407,0.0
-0.028745939055788188,-0.0280591637899681,0.24933077293694275,0.027689510053509635,-0.002470164067408244,0.23419336727896256,0.971792496392629,-1.3852910799107643,-0.1352825064475606,-0.20735177234897995,1.5899584549617174,-0.426643044461568,0.0,-1.368548881880818,-0.02977962147948583,0.17948721113675462,1.5394711743848644,-0.34975915622520576,0.0
-0.02949377535928182,-0.027957483974642233,0.248982677152986,0.026822378460571856,-0.00459238850126329,0.23410049215766102,0.9718314820755255,-1.3864670285687888,-0.13472701792726768,-0.2078051120939398,1.589793262271475,-0.41801080772004084,0.0,-1.3711780090367187,-0.031164521996693447,0.18017381826790307,1.539579448668325,-0.34467481620783136,0.0
-0.030196764587205157,-0.027971186049320033,0.24879404161621355,0.025675350650646057,-0.006259410326888532,0.2348551214080896,0.9716710699098321,-1.3874726681493368,-0.13375949659371014,-0.2072122253827775,1.587847107076709,-0.413077513418056,0.0,-1.373640121549469,-0.031112997321479673,0.18054822949912944,1.5378683074756978,-0.34140073192696346,0.0
-0.030894064170903828,-0.0280741792848811,0.24860422257013798,0.024850124515560915,-0.0081613292800162,0.2355481897740844,0.9715106352017442,-1.387294736165744,-0.13280462386709224,-0.20814494886320847,1.586258286707193,-0.40738196381941133,0.0,-1.3750934321846355,-0.03076360130430576,0.18141040087198868,1.5358639113714612,-0.33927955764288353,0.0
-0.031092861259171743,-0.02835602708749422,0.24866344490842437,0.024076195284353112,-0.009406309452868319,0.2368025745551042,0.9712138790437362,-1.3836461184860027,-0.13303101725433342,-0.2091756619906053,1.5841960927015795,-0.40216642692838306,0.0,-1.374705856408539,-0.030423895243984412,0.17536940131067322,1.5357550210788864,-0.33581867766549767,0.0
-0.031697622871611986,-0.028704852684846707,0.24866664322526658,0.023528359113383926,-0.010401543355652736,0.23807860682826096,0.9709051453071854,-1.384024522864887,-0.13104853946500072,-0.21050747466637945,1.5802720732423852,-0.4000581069058631,0.0,-1.3770556357407269,-0.03202169141902319,0.17375959300559474,1.5315689157250159,-0.33466539034132864,0.0
-0.032288478084730086,-0.029113213459040138,0.248776292263349,0.022910107837371074,-0.01087370178908701,0.23985868909966143,0.9704765318294278,-1.3844218169326457,-0.12856847814943403,-0.2116199924118042,1.5756277494488662,-0.3963551627043412,0.0,-1.3797553062839907,-0.034010521050220295,0.17252208059873286,1.5256805246688467,-0.3332971953919421,0.0
-0.03298755607453552,-0.029366430534850912,0.24902998332492124,0.02187549883443677,-0.01079142428249525,0.24107990388559902,0.9701986846286748,-1.3853969720785166,-0.12652421361794533,-0.21211089436707262,1.569752908998746,-0.390780842662104,0.0,-1.3826307587846967,-0.03624063825391308,0.17201826193728015,1.5190048945194543,-0.3310762608977118,0.0
-0.03308463947821646,-0.029508926467292106,0.2495603043530573,0.02091854117219184,-0.009274903758679686,0.2426025462906851,0.9698558631718278,-1.3847017380167843,-0.12571282706493705,-0.21240327580293755,1.5648282884118838,-0.3879507049446069,0.0,-1.383375852978685,-0.036902209932994964,0.1706830739354076,1.5130939475133915,-0.32981540412649335,0.0
-0.033632225715713886,-0.029732152910418006,0.2502023114130458,0.01943079777040435,-0.007572555876875853,0.24391127602299345,0.9695733030175352,-1.384970306417272,-0.1258260219270292,-0.21452428822065014,1.55615110325427,-0.38469645247373946,0.0,-1.3859657594004837,-0.03763283011414881,0.17014827427162738,1.5036326054544804,-0.328792855407513,0.0
-0.033963356757044504,-0.030064380265930914,0.2510821785748159,0.018561978010766367,-0.005918844200294781,0.24538459190423217,0.9692300151726909,-1.3832240835870728,-0.12437236042330452,-0.2156922884159855,1.5467839518826259,-0.383139041394253,0.0,-1.3858061920697458,-0.03947450880386031,0.1686208068975767,1.4934085424358148,-0.3277412681397042,0.0
-0.03445682844778341,-0.030408479970461758,0.2520966921891009,0.01766602276407225,-0.004299880933005149,0.24666756486541358,0.9689295821198922,-1.3803063495283892,-0.12316776836231616,-0.21843205964629428,1.5374926992693818,-0.3761468989308615,0.0,-1.3848657887235296,-0.04091416746942862,0.16841121781263726,1.4822295881833258,-0.32428862211431236,0.0
-0.034847064209401146,-0.03050338615205681,0.25356760249347327,0.015926594727916615,-0.0016581844650052112,0.2474464201764634,0.968769251755291,-1.3763191470205516,-0.12164609372077348,-0.21979168921883982,1.5244964374996168,-0.37119721320852567,0.0,-1.3830078642875574,-0.043078447287230995,0.16600064920618252,1.469422915441025,-0.3212632041311129,0.0
-0.03515399956216222,-0.030644622412300662,0.25530481341634265,0.014696674870112463,0.0012388915779443632,0.2480436476609788,0.9686365787799143,-1.3703433581648297,-0.12081549956101423,-0.22088441880768403,1.5106563442417138,-0.36614080891202705,0.0,-1.3784254856601503,-0.04603181516797978,0.1639580094719549,1.4559892269008985,-0.31430764048521087,0.0
-0.03603787244362468,-0.03143646339258306,0.2571905826046998,0.014178194059558079,0.0027048630668900548,0.2496980601640287,0.9682161645414316,-1.3629035800186913,-0.11872480708624357,-0.22309201009686552,1.4936726551895627,-0.3561284412660974,0.0,-1.3727742848682432,-0.049907060053465825,0.16137561692304825,1.4379724707602384,-0.3008196047888743,0.0
-0.036549014719640574,-0.03204338892159731,0.2596861740106233,0.01359691039874935,0.005685902930335766,0.2512650486671629,0.96780611170511,-1.3526393599943203,-0.11710071263261991,-0.22348630701382113,1.4733441505672533,-0.34827566910979996,0.0,-1.3642452025872256,-0.055140735730811005,0.15776346299096017,1.4171961442344736,-0.286415357373612,0.0
-0.03738731867907337,-0.03239555027672607,0.26275923128640793,0.012115916278929615,0.008983536208472965,0.25226997840819243,0.9675393318329977,-1.3402591435252877,-0.11398857470531307,-0.22222404962686745,1.4477676185068546,-0.3391539863048856,0.0,-1.354298763314376,-0.0620997348746251,0.15285236198992944,1.3905695038731074,-0.2740944293676295,0.0
-0.03775120504748215,-0.03292792733753133,0.2664500941424263,0.011113750107276799,0.013604794902169018,0.25413501340357225,0.9670091980310165,-1.324443351794816,-0.11249802899770149,-0.223017369682961,1.4185926589953501,-0.3330153979125956,0.0,-1.3399452919553938,-0.06743394541062694,0.1492711192725831,1.3609148908559514,-0.25923351370001674,0.0
-0.03866845393195456,-0.03332808951343115,0.27072660344763133,0.009101633156425095,0.01722490007777889,0.2564496714592877,0.9663612311654582,-1.3050212430714017,-0.10654279294036893,-0.21974264596458945,1.3833157601041837,-0.3241306607085693,0.0,-1.3234203156475193,-0.07534413042118855,0.14447186949727261,1.3243837661322917,-0.24507389392796733,0.0
-0.03917834536704045,-0.0337780856946417,0.2758908988983736,0.006940716470739792,0.023019797034441777,0.25845264335144774,0.9657246742959484,-1.2832588263050515,-0.09847567589333275,-0.21691388221682473,1.3404680249403835,-0.316273940745564,0.0,-1.3045491841960792,-0.0845901003210352,0.13381842634748015,1.280787087401158,-0.23552976741587323,0.0
-0.039458750840271284,-0.03413448182812842,0.28146461913081655,0.00576035759993249,0.02972060628244479,0.2586515555073741,0.9654961815958367,-1.2589807538176017,-0.0926491914562062,-0.21685757721665522,1.2958216599105044,-0.3020604793170466,0.0,-1.2815628209336782,-0.09131344002607147,0.12588466120249708,1.2355337508494508,-0.2227668050427425,0.0
-0.039184761445060355,-0.03399484752107768,0.28792112978904094,0.0028186463104870898,0.03709737173129927,0.2607896853783558,0.964678485426033,-1.230400295030487,-0.07997077621100317,-0.2085779035503967,1.2458666559051033,-0.2918791600490522,0.0,-1.2550441518513464,-0.09920648197749717,0.11537975412484587,1.184754761429494,-0.2131886257379965,0.0
-0.03878486011508149,-0.03453681021399893,0.2945094972392691,0.003098627819594886,0.044305189956868544,0.26009301471099994,0.9645615959320926,-1.2002656251354356,-0.07124395221616583,-0.20679092432037607,1.1920991904281557,-0.2769194343763952,0.0,-1.2238687112812008,-0.10360489210072701,0.10580810888566489,1.1311452798116626,-0.20135308613724306,0.0
-0.03761024921246418,-0.03420849583929018,0.30153830491202677,0.0013708905467271562,0.05019502598681582,0.260289325999992,0.964224064621788,-1.161330301574241,-0.062112102432997134,-0.20430023989541948,1.1355623801982784,-0.2704643547793176,0.0,-1.1861228022311414,-0.10562804777365807,0.09817156514324214,1.0764579118191182,-0.19485977510497673,0.0
-0.036494631550220064,-0.033862298895010905,0.3086809516659388,0.000293650121049127,0.05422255968049103,0.2590605240266575,0.964337841569196,-1.11822185125839,-0.051575820340011604,-0.20228388109119977,1.0758932578370972,-0.26092308173277823,0.0,-1.144022699315277,-0.1081565975449131,0.08689598499582085,1.0198509484396858,-0.18959819622308768,0.0
-0.03588651099777952,-0.032893794699215724,0.31689357414751906,-0.0009892601978029806,0.04862331681904415,0.25454662758995067,0.9658368437828198,-1.0443834790544153,-0.03834563286379343,-0.20605913859613922,0.994498801424959,-0.24528371545808186,0.0,-1.0711928086561417,-0.10198495814507531,0.07953782614079834,0.9481910597480979,-0.1821883081213481,0.0
-0.033789635262138844,-0.032166242266010135,0.3245169826760629,-0.0007552198921041331,0.04481600738811199,0.25353223838305744,0.9662879277033216,-0.9783346059201976,-0.02463887511974616,-0.200255145386441,0.9253734640176692,-0.2501194736566834,0.0,-1.005531404161987,-0.10153608881409192,0.06681053334866843,0.8836524174830147,-0.18751995900852805,0.0
-0.03199363688046956,-0.031024062194287726,0.33171730471599614,-0.0005618378789738205,0.03874290801887928,0.2512873566976623,0.9671366686153204,-0.909989620574483,-0.013785612375290968,-0.19858060789564788,0.8590419355774763,-0.2446705859288979,0.0,-0.9383122326111912,-0.09819601729655622,0.05826752759996497,0.823154558533259,-0.1932358919796534,0.0
-0.030570479176430757,-0.029920229291666846,0.33878035919100224,-0.0005452761169398648,0.031244160735165862,0.24947333948122855,0.9678773465589506,-0.8395017882011315,-0.0038932542633059036,-0.19830283363805346,0.789687134413322,-0.23187356777451246,0.0,-0.8689082858796854,-0.09424581112387438,0.051916716477150654,0.7593151547559833,-0.19079882341083115,0.0
-0.028586641652569064,-0.028253975132328846,0.3459126462236443,0.0008050828108899647,0.02180038187630323,0.24693867634526723,0.9687855208024955,-0.7622038428510217,0.00485615922369737,-0.1926410350078633,0.7186158491577205,-0.22442306463944983,0.0,-0.7901314635506985,-0.09010347098244835,0.05030901934829844,0.6925905275654045,-0.1905179793699077,0.0
-0.02643860138769843,-0.026875840837563673,0.3527580194474875,0.002438745751056136,0.012672687988091784,0.244593373968483,0.969539858339528,-0.686022160169741,0.012429038160149484,-0.19377085056119644,0.6502738494972253,-0.20299830461414084,0.0,-0.7115996422815825,-0.08523759664267667,0.05043918473986093,0.6244320979645129,-0.18253538932786387,0.0
-0.024260710190409308,-0.024798536188026462,0.35964699620382584,0.0029771490609534048,0.0016913503097771955,0.24195225604541437,0.970282114496672,-0.60330942167345,0.02171828732092192,-0.19128270215006388,0.5743945245667696,-0.183722796505332,0.0,-0.6266457997878101,-0.08196885539736962,0.04865254397576564,0.551861258739549,-0.1712269422543016,0.0
-0.021328952330896822,-0.023134082852282325,0.3661429235617787,0.004077512029970547,-0.006837235824976844,0.2395562855699425,0.9708498401636844,-0.5249612345773551,0.03200049557954109,-0.19268723380527203,0.5006577286614312,-0.1568291354860945,0.0,-0.5460879489942096,-0.07732417363805727,0.049648608154375974,0.48230074469584094,-0.15005164603629867,0.0
-0.019242590092010434,-0.021084473813824414,0.37228765398206765,0.004473374406777241,-0.016440117621052814,0.23819100142773664,0.9710688741242174,-0.4461461975458074,0.04077974740662221,-0.19020809289644008,0.4241613366771345,-0.12300510011288757,0.0,-0.4666618137047196,-0.07713130516931023,0.05055959595742293,0.4113400137261957,-0.11908424325994688,0.0
-0.01667560816446905,-0.019058697365741,0.3780425902160591,0.004632546841259553,-0.02349557027220966,0.23622935643775902,0.9714021766726435,-0.3723955537789003,0.050700636346502466,-0.18919773092192926,0.3471580448960787,-0.08646874832638367,0.0,-0.39200983962910035,-0.07698917037368523,0.05344792794861373,0.34076034197763083,-0.08573256025766493,0.0
-0.014227528913412448,-0.017893210028637037,0.38329126270322267,0.0062431849056898,-0.03119975466068855,0.23576168216916296,0.971289878034417,-0.2996384240966008,0.061162180583560745,-0.18317112737540497,0.2708511693606331,-0.04808373164173975,0.0,-0.3187732551519272,-0.07878412820737299,0.051067025417882286,0.2706721774762335,-0.04534848404850635,0.0
-0.01232455035512554,-0.016806738536818664,0.38817267422804685,0.007033063201954397,-0.03864576572688224,0.23840092803674662,0.9703721133279738,-0.22807718956566697,0.0706668903885706,-0.17744089594839482,0.19054112295937684,-0.00777005592890739,0.0,-0.2487322019709085,-0.08081325104398653,0.04619403094927862,0.19384818490544933,-0.006858078006363646,0.0
-0.00929331101340101,-0.015459749268652047,0.3925755837215041,0.009382746029463209,-0.045023799026628016,0.23784992998034177,0.9702124676618533,-0.15711633199172717,0.07691441481039529,-0.17486417311887542,0.11236130523380897,0.023078783145639426,0.0,-0.17729916467990164,-0.08274347122729547,0.048763647962574416,0.12044725386657157,0.025246497826971543,0.0
-0.00590518252865426,-0.013928828977976702,0.39659077239582324,0.011702884998653053,-0.049923842654400793,0.2399745171712765,0.9694239957447613,-0.08764551048142404,0.08143468043550699,-0.16960121789716368,0.03317840853581268,0.04970800662549641,0.0,-0.10851189795793034,-0.08716443490190463,0.047297555898668825,0.04383671823571829,0.05502052050254199,0.0
-0.00371061859934519,-0.012355857524334,0.4001551556239579,0.01291258699598791,-0.056190738329546096,0.2391703879004518,0.9692643558774864,-0.0166234197097803,0.0887525947975351,-0.16251531796355034,-0.05693241473749133,0.0818246348591349,0.0,-0.038073827839245955,-0.08976386191804048,0.048331543944345016,-0.042098516251763626,0.08313436721857946,0.0
-0.00077343731536391,-0.010737063001158799,0.4029956323574181,0.014093399692433901,-0.06022617809755226,0.23743840793348525,0.969431372503945,0.04715042579771056,0.09479826712322814,-0.15944672445191427,-0.13801158771310995,0.10958283955008316,0.0,0.026711930301190904,-0.09228185153068821,0.04980636503838524,-0.12087874628471884,0.11091688841191741,0.0
0.0012969491640846204,-0.009606664623005448,0.4054539590830969,0.01587584826983509,-0.06805869577489736,0.23652792829714422,0.9691081005267645,0.12150660916142109,0.10250780956213086,-0.15435940077438126,-0.23201519903024104,0.1446633485562403,0.0,0.10179729625788594,-0.09438913465282464,0.053933856899569164,-0.2144975681370446,0.14123145266520576,0.0
0.003669508008983631,-0.009436558259002215,0.4069898143713225,0.01808484411933185,-0.06954268893923606,0.23691362731853258,0.9688697982799622,0.16574599979240395,0.10608523304686278,-0.15653337039612888,-0.2933330453100621,0.16505426029972542,0.0,0.15202150199777154,-0.0980530582958063,0.04955333951232759,-0.28675667202931915,0.1716289376408166,0.0
0.006310881483344289,-0.008390695615845194,0.4081521785277225,0.019844214474497354,-0.07329539528955765,0.23684315585626484,0.9685759194328968,0.21639148310466666,0.10923845061855482,-0.1554521762899387,-0.354829030105223,0.1805823802868246,0.0,0.206976001786514,-0.10112567243217863,0.054954737481555674,-0.3542725305058607,0.19751830687186628,0.0
0.009530067183184299,-0.007667517090299353,0.40895171823214255,0.021643849383339873,-0.07549675784582881,0.23570542139712986,0.9686458267409402,0.26198486826658157,0.11259887955627261,-0.15964230654726816,-0.41326794486924956,0.18963052918251444,0.0,0.26090998294295986,-0.10339067504867941,0.057889222089004606,-0.4256902869781923,0.2190588616036888,0.0
0.012853188973244925,-0.006656804419473142,0.40928086769235555,0.022822256380590725,-0.07677370338713976,0.23566974545133962,0.9685270848875738,0.30036489701702773,0.1156472859396877,-0.16201681096067608,-0.46161683277230636,0.18824192098473785,0.0,0.3032570420369584,-0.10538460603782644,0.06317064030309495,-0.4793904508017904,0.22986198564408739,0.0
0.015930794805658288,-0.005861678213232704,0.409386191468462,0.024414459421020978,-0.07959476235104945,0.23850499295875408,0.9675660061779778,0.3317741109012133,0.11686717125397138,-0.16544147764363162,-0.48916539940919346,0.1783518115609021,0.0,0.3391878505594893,-0.1056859366919308,0.0654542159940127,-0.5175206882795274,0.23394220080805095,0.0
0.018737636953628276,-0.004790543585973236,0.40936259862659136,0.02453029512754252,-0.0793996174286764,0.23750503094269212,0.9678250490920582,0.3521472493103138,0.1182137467969026,-0.16991054849290965,-0.5122080339734849,0.1685681688273535,0.0,0.3614217789565823,-0.10492917274450565,0.06987993726088809,-0.541637297539311,0.23086217717853524,0.0
0.021195381514302107,-0.003644201913924624,0.4093104398607299,0.024997079616002373,-0.08052718293302666,0.24022439753438948,0.9670484774036823,0.3715007550789826,0.11889567872566369,-0.17683172191192253,-0.5257900029733327,0.1581482250541684,0.0,0.38078653265342505,-0.10515288398649213,0.07395350539415214,-0.5575853043668648,0.22748814181890242,0.0
0.0217945290330595,-0.002525853394320055,0.40921185369609003,0.02416219691636994,-0.08134037800377893,0.2419782867092486,0.9665642451009825,0.38558236930841905,0.12048644502916116,-0.18442679644489277,-0.5439736794231488,0.15886693508434538,0.0,0.39198651208759216,-0.10633789621196878,0.07378264201839785,-0.5724044081436315,0.22722115071551716,0.0
0.022424484918194116,-0.001406704436338005,0.40915878794507127,0.023572152353089466,-0.08227849213260116,0.24205627946279998,0.9664798812900628,0.3946006790701084,0.12029611094656847,-0.18525075488387996,-0.5510047612709328,0.15790662504522113,0.0,0.40274017645203697,-0.10809155557619336,0.07281577460719489,-0.5835140801553239,0.22624658739430945,0.0
0.023163718992249848,-0.0004998674560064566,0.4091248120772205,0.023177465634236075,-0.08235107743546032,0.24214095959064055,0.9664620327878974,0.401734468909326,0.11975671997650116,-0.18577040803674194,-0.5577038622438447,0.1561504251641797,0.0,0.4096704307974193,-0.10962358391856529,0.07339733473299268,-0.5901886058595025,0.22405285174744013,0.0
0.023450334132174566,-0.00052368243629433,0.4090763675298923,0.023418492688973915,-0.08288429985480832,0.24085019995328286,0.9667331318519176,0.4031579311794793,0.11985377633509547,-0.186894149650539,-0.5578932935757129,0.1532626995049374,0.0,0.4133634447987778,-0.10957637355427084,0.0712910195134544,-0.5929465030178644,0.2229211565279543,0.0
0.023632788910576377,-0.00034106002610957985,0.40903637347342253,0.023600030778066817,-0.08363907854460943,0.23936647360466953,0.9670321785760527,0.4056973325492227,0.11939898520955383,-0.18631037211514206,-0.5588959186348009,0.15179840499357364,0.0,0.4188260684972078,-0.11061233458493065,0.07098128734207229,-0.5977393364646467,0.22358237887492058,0.0
0.023763017532396822,-8.204510431865164e-05,0.4090147987748477,0.023545501268299237,-0.08441691749497733,0.23800384621231432,0.9673022085154227,0.4066855791432697,0.11856852320851773,-0.18552100016694006,-0.5566656094365929,0.1494950890627479,0.0,0.4229599640634613,-0.11113920944885547,0.07319992872742309,-0.6004900530095278,0.22257333277368319,0.0
0.02371405301910612,-7.584324296289324e-05,0.4089910438829769,0.023775425966835146,-0.08558870155798566,0.23726785324216237,0.9673744203272938,0.4082375816424635,0.11847422971058176,-0.18637047722673802,-0.5554316358617395,0.1482501172269817,0.0,0.42608789149356285,-0.11133954220468953,0.07332180521068589,-0.6016483006117859,0.22157541031740788,0.0
0.02370609711819999,-0.00018773183579521235,0.40897267370177787,0.02399137864915249,-0.08597112184687362,0.2357165847785076,0.9677143543521807,0.40709883901052013,0.11831550799022,-0.1867717368579708,-0.552962080805947,0.14688870742519633,0.0,0.4269303767524068,-0.11130595221151962,0.07590766409299726,-0.6006028524274291,0.2210531026471834,0.0
0.023533715912773,-0.0002523164047380799,0.4089639437648539,0.02420991275086864,-0.08677987741329289,0.23505374939240106,0.9677979478678915,0.4062638830541271,0.1178306252601781,-0.1870189187834205,-0.5494482697515118,0.1456967902606076,0.0,0.4276051535021924,-0.11134225457236407,0.07842359236572573,-0.5990175140915486,0.22062593621502075,0.0
0.023533176894691466,-0.0005178637562100825,0.40894282664327136,0.02448296597376145,-0.08659654995076736,0.23437559407013492,0.9679719535286248,0.4047962971795481,0.1179587075597508,-0.1888557525120618,-0.5488524560087056,0.14460724543793207,0.0,0.42737084673799675,-0.11119246548058971,0.07973600180347114,-0.5993731173126895,0.2214235080731045,0.0
0.023163541328012707,-0.0007025921597256256,0.4089313143530806,0.024334896452270476,-0.08685710782381124,0.23214292834205802,0.9684902252763902,0.4009103010095112,0.11773730844160049,-0.18954626475504804,-0.5447833018701008,0.14428573305857978,0.0,0.4256864902466211,-0.11025733625516516,0.08308052716180839,-0.5967252923597023,0.22071004903732921,0.0
0.02281746821075525,-0.0009270497319380321,0.40891662986336647,0.024197829231979346,-0.08678040070963411,0.23079555716908673,0.9688225007214402,0.39681863400415207,0.11745531445894317,-0.1909276588660624,-0.5412463952436672,0.1435496968119424,0.0,0.423432249506227,-0.10958693947052123,0.0872613832377593,-0.5948732957000483,0.2204747351610471,0.0
0.02241053562873338,-0.0009352798874115439,0.40890566924655253,0.023748243115435424,-0.08660695377036143,0.2294006872730087,0.969180365662769,0.3928499509390377,0.1171107465655103,-0.19070557655240047,-0.538147736902718,0.14380775910358531,0.0,0.42044229833157915,-0.10908589695790745,0.09126294171937757,-0.5923246276100833,0.2188672814301167,0.0
0.0220030567422611,-0.0011810010114224417,0.40888362732064193,0.02354692419080399,-0.08604767788310283,0.22851384385549645,0.9694445639944879,0.3897379364406,0.11720104213252942,-0.19222836298685458,-0.5390176107706983,0.144958736676078,0.0,0.4171857387712354,-0.1087211152609371,0.09508772513911519,-0.5917389489027299,0.21881891246836607,0.0
0.021646101088304014,-0.00128881070763746,0.4088686503545022,0.023269867728503445,-0.08514414524100744,0.22736868587773215,0.9698002209059904,0.38586884796852755,0.11685478717306405,-0.19100012681414133,-0.5392714465783973,0.14601540883851363,0.0,0.41327094408503917,-0.10848908976891428,0.09727915253954281,-0.5904008457876708,0.2183173635863927,0.0
0.021203890060091702,-0.0012286838641974603,0.4088460983187489,0.02244171268180077,-0.0838672611775954,0.2255820064453824,0.970348087235993,0.38151763731513694,0.1173238806662965,-0.18984296008572116,-0.5408949426539199,0.1490739577170773,0.0,0.4095962019308926,-0.10842624407407384,0.1015332446895111,-0.5912672830298135,0.218296152034252,0.0
0.020577171379835803,-0.0013568927327924304,0.40881409387592244,0.022069290036175474,-0.08308500488862691,0.2244371642227988,0.9706893363561705,0.37653252086101285,0.11733334985470775,-0.1889430776719867,-0.5404500514323629,0.15124243510708676,0.0,0.40473131248152633,-0.10850047991132547,0.1061357281395511,-0.5897978201471964,0.21739098606084387,0.0
0.020159332325773546,-0.0015184723693645883,0.4087948494528917,0.021776069282529054,-0.08155655152484396,0.22307529206353865,0.9711394059457906,0.37028793248542324,0.1167841781959025,-0.18766754530965982,-0.5394704935637592,0.15207915052562454,0.0,0.39925990390102273,-0.10860301023765644,0.10991502111518396,-0.5883194596478566,0.21710310667781474,0.0
0.019504092947277354,-0.0017096564407528758,0.4087574115574109,0.02139217508059073,-0.08038813906691661,0.22184056649819697,0.9715281184805907,0.36380050930648156,0.11670053638275968,-0.18753602660509278,-0.5381952251684001,0.1535483228040028,0.0,0.3925172766681085,-0.1085919779225101,0.11428702577094821,-0.5852549771191753,0.21553110814563534,0.0
0.01866415677496241,-0.001942879466594137,0.4087322716146023,0.021094242430730954,-0.07966797091063171,0.22039374745979762,0.9719231674509469,0.35677255661464946,0.1158759243740362,-0.1863168682496629,-0.5351864586822409,0.15523638909508627,0.0,0.38571191985770387,-0.10836583896127897,0.1181545206057884,-0.581193961053839,0.214016990710439,0.0
0.017882946882789724,-0.002334543314180735,0.40868774002711644,0.02104542798984349,-0.07889588916250743,0.21947995216338226,0.9721939514481353,0.34861950827423366,0.1150582473628458,-0.18722863278145102,-0.5299112108340798,0.15502439451598946,0.0,0.3774779142078854,-0.10780689078126919,0.12088599706341173,-0.5747755053688911,0.21170217606088934,0.0
0.01682691066714201,-0.0025524374107952696,0.4086359827946934,0.02072725817872489,-0.07887557856451409,0.21773724532353442,0.9725942195352708,0.339471091741379,0.11381199938313277,-0.18623703470518532,-0.5213162795869909,0.15458532184032914,0.0,0.368178443101206,-0.1070508243423338,0.12383176025719114,-0.5642654560625052,0.2069298684514516,0.0
0.015569795537242673,-0.00304045818354583,0.4085521980966949,0.02060124020196181,-0.07918431723759534,0.21666946989559924,0.9728102454337727,0.33119808928788674,0.1132438058668735,-0.1851268108665636,-0.5147938747355514,0.15535129212296295,0.0,0.3589591780031311,-0.10623470584711599,0.12679784200120692,-0.5551107281260428,0.20314554478737418,0.0
0.014702186620597772,-0.0034067908402361947,0.40847968740768376,0.020556276852418585,-0.07840072553869852,0.21635854464418755,0.972943855459513,0.32265468248449936,0.11211024229772815,-0.18531804339519223,-0.5091214537643941,0.15467532658006944,0.0,0.3494271317842492,-0.10580806519057487,0.12849264463415155,-0.5471442523663261,0.20002966065940844,0.0
0.013529854085644518,-0.004001151608535079,0.40838784455710986,0.020765837851109154,-0.07863113892641857,0.2161680945165276,0.9729631436403794,0.31358620087687145,0.1106575382122736,-0.18430866696867731,-0.5003179706724894,0.15346833797138665,0.0,0.3396002461779062,-0.10466277120718497,0.13081113530868774,-0.5367192059877439,0.19677248814990272,0.0
0.012040533717041361,-0.00439110642397094,0.40825714210197533,0.020459787998152824,-0.07843856611907149,0.21520072395450932,0.9731995873559083,0.30093842719349845,0.10874820009185748,-0.18162943179419386,-0.4885887131274963,0.1524344411561221,0.0,0.3264354326276563,-0.10356445737544075,0.1317167166861175,-0.5233960750828863,0.19196002124309408,0.0
0.010109442167543479,-0.005053968161628536,0.4080806364020251,0.020312360068097605,-0.07949327789916218,0.21397300374772865,0.9733877852451639,0.2889383679147918,0.107211063113423,-0.177431719963097,-0.4763415144190729,0.15308785952590323,0.0,0.3138589413255616,-0.10183022836858636,0.1348683558579722,-0.5094838140533302,0.18718918078250588,0.0
0.008045273072161473,-0.005814056960709057,0.4078612774832608,0.020239638751135818,-0.08033186903701878,0.2142834347322431,0.9732521551168513,0.27467912230947894,0.10533748417650264,-0.17244016072435187,-0.46064712637371985,0.1529932585050217,0.0,0.29830840467998687,-0.10009154466906807,0.13484034981161855,-0.4926379758915151,0.18230396133544313,0.0
0.005892497779261716,-0.0063827067882670065,0.4076148837282652,0.020051149411909417,-0.08110745334354938,0.2142818055992844,0.9731920880322117,0.2584245500221932,0.10218251915094945,-0.1676624142122308,-0.4409617450579508,0.15254755605793316,0.0,0.2818253661367882,-0.09858124215400407,0.13663709430050625,-0.4737917977616217,0.17695918027504895,0.0
0.004070093286488397,-0.007072571472524002,0.40732376915196017,0.02011182856382332,-0.08052397084722687,0.21405984152331392,0.9732881324242213,0.23923284041221263,0.09884728573375709,-0.16277198793286385,-0.4197790759054877,0.15021863377715988,0.0,0.2625769332234716,-0.09702578367483848,0.13761901039133237,-0.452481158229677,0.17173198713072907,0.0
0.0019783396602190487,-0.007535105265910948,0.40694465401282426,0.01974052338611944,-0.08001461868960706,0.21445873360279982,0.9732499289051515,0.21692211873667627,0.09512919794226954,-0.15786638518745705,-0.3922445848324241,0.14778624454898506,0.0,0.23933443601617388,-0.09581464485151897,0.13540269721958856,-0.4251530952704616,0.16486392433656044,0.0
-0.00012814022915648042,-0.008110750314970045,0.406342584922266,0.018836636466158428,-0.07769385409906385,0.2155381167060227,0.9732174301813016,0.18397062790349084,0.09160863134593393,-0.15290987478804569,-0.3520755579364303,0.14053645156394137,0.0,0.2033334081523269,-0.09290654402198509,0.1315381892658853,-0.3816746686039963,0.15076046527899012,0.0
-0.0021810895438656914,-0.009024820263562924,0.40564286818223183,0.018826658852337193,-0.07609989296907417,0.2166110860641636,0.9731053389025554,0.15211387372313023,0.08753213130705995,-0.14828810531386463,-0.3105688596342753,0.13277370054087778,0.0,0.17182679585724034,-0.0906686015084838,0.1255589940520415,-0.34337532698283346,0.1414189815292681,0.0
-0.003737853260202421,-0.009797113511025836,0.4048554233771423,0.018353070471622282,-0.07445608804584361,0.21723184259102404,0.9731031714683096,0.1206418421209679,0.08504229649385213,-0.14143267484141608,-0.266950702654355,0.12426701666688372,0.0,0.14051171783665684,-0.08692137485973893,0.11666118712564875,-0.3029327269525766,0.12796000139805097,0.0
-0.0046912969517773915,-0.010337413214146171,0.4039429217397271,0.01806080938849447,-0.07146729567387165,0.21632193301619138,0.9735353378842675,0.0860674529945951,0.08094597468501817,-0.13897189039022248,-0.2196853861954526,0.1104988388871747,0.0,0.10929215530781597,-0.08340983406335546,0.11262946664062215,-0.26318818443764413,0.11037906168755625,0.0
-0.005977342307170448,-0.01117875691771692,0.40278523271168304,0.017711749950512248,-0.06949871613025072,0.21530256044301552,0.9739101754456719,0.05220408006060314,0.07829288584960667,-0.13916338663600797,-0.17364325780913467,0.09699506494590687,0.0,0.0766139593119346,-0.07826978265710115,0.1132544743054811,-0.21968511012309166,0.09074881547655385,0.0
-0.006983934442276446,-0.011078216271733558,0.40147049115673894,0.01622562654751384,-0.06622227685970432,0.2140744521657094,0.9744349480702184,0.015598036887269963,0.07606130252998551,-0.13632694983636803,-0.12410042636167382,0.08303080490244855,0.0,0.04106540282302769,-0.07464235791455849,0.11128211934097329,-0.17460605998816076,0.06237284005489553,0.0
-0.009106407719680099,-0.011477276625591355,0.39970457974470097,0.015567361780642709,-0.06525700267359887,0.21060126037669696,0.9752672915549848,-0.024161116499500278,0.0733997504550316,-0.1338835603766358,-0.06777092589029882,0.07279610160613635,0.0,0.004529253352947578,-0.06987725039607369,0.11250589206367975,-0.12436215229312836,0.03539980526053514,0.0
-0.010324724416530805,-0.01145401563474219,0.39790991455182506,0.014352602218036095,-0.062241298887960705,0.20783525501137562,0.9760760883746039,-0.062254144480852314,0.07008571903945393,-0.13207152265609293,-0.01940093171369492,0.055112635296599016,0.0,-0.033182305167297144,-0.06458718129852949,0.1153493868264329,-0.07576686178621099,0.00224274241079973,0.0
-0.011187989977140426,-0.01108614053627568,0.39595136906427214,0.012566835226146881,-0.058653279843828315,0.20419285466708698,0.9770911654082576,-0.09940246179685852,0.06782868851985953,-0.13214152756409836,0.025261129537204476,0.034029050631514686,0.0,-0.07216210720090711,-0.05843396554920787,0.1196478955593714,-0.024218491888200275,-0.03579933169996456,0.0
-0.01228684161505861,-0.011580715358003767,0.3934389035023023,0.012561901025565954,-0.05663039699999006,0.1998559367500611,0.9781067433179282,-0.14067905246968768,0.06367515532042951,-0.13845811745355838,0.08250644047283665,0.012367386629276288,0.0,-0.11219531242384483,-0.051211247609667575,0.12596452561450838,0.034170751042224015,-0.07486734163532055,0.0
-0.014059822220629424,-0.011896753181376491,0.3905394138258337,0.011545214916633512,-0.05450384226329752,0.19656670197596918,0.9789063136303483,-0.1838853306495287,0.06088283206889011,-0.13600678965778817,0.13632949553743462,-0.00911462728396196,0.0,-0.15795171153349355,-0.04363871772347224,0.13043499589088217,0.09779248779123162,-0.11033618572983853,0.0
-0.016041135903633714,-0.012706643092560723,0.38731394952117865,0.01104420391169759,-0.05185127958094921,0.19238865653039938,0.9798857459950135,-0.23005524338647204,0.05660807870920851,-0.1384225744361034,0.18955689373906756,-0.031095836295267774,0.0,-0.20551262341686471,-0.034851775653054445,0.13569807633480058,0.1610007510661996,-0.1403204087600936,0.0
-0.01718733730355625,-0.013812177494962656,0.38384721731673427,0.010406926359962598,-0.04769735040710205,0.19050965075324144,0.9804706684127575,-0.277393368704085,0.052038115672190716,-0.1427474564088831,0.2435845069198892,-0.05959000341841537,0.0,-0.25589130916659975,-0.025915544709996994,0.13652627132088127,0.22579570629307408,-0.17046728441961928,0.0
-0.018571239780398346,-0.015160553985338106,0.38013977177557906,0.01083567793926093,-0.04482810940779828,0.18819317242976358,0.9810486015184677,-0.32360454884196604,0.04787918891903677,-0.1418199877343075,0.2969376288273316,-0.09031206864370668,0.0,-0.3033495639915303,-0.01877136117258601,0.13345091606266965,0.28708692176980155,-0.20009121570384267,0.0
-0.02045690661271931,-0.015844244799119524,0.3758294418477186,0.009272254285098883,-0.03968626695230188,0.1846862139678124,0.9819521515257756,-0.37942701544679686,0.04316086666970053,-0.14769761306986418,0.35602031536315176,-0.11658975655414755,0.0,-0.3612799363750565,-0.009940424711761759,0.1362333301766446,0.35592269234370666,-0.23155650170062772,0.0
-0.022351687948410116,-0.016691894952037753,0.37189073858704036,0.008509413976351646,-0.03470015976530267,0.18145990386182875,0.9827490992499045,-0.4286758666641574,0.03798280603567489,-0.15126778344888098,0.4029670381360311,-0.13449644795706978,0.0,-0.4114544627938057,-0.005695850879793501,0.1327607745110055,0.4101671078427191,-0.24788844844482308,0.0
-0.02372541858845904,-0.01761725567610782,0.3675938221059003,0.007424266870744611,-0.02642840576722737,0.1784508528943124,0.9835658151498192,-0.48703095235431076,0.03326059511606188,-0.15578713131703747,0.45588113539758807,-0.1561768690139665,0.0,-0.4700721291679194,0.0023896754855530205,0.1359314051375268,0.46988065650573585,-0.268943585584505,0.0
-0.025266253096264537,-0.018368358409897364,0.36367689888503296,0.007127155901998785,-0.020332605301390843,0.1748495762991505,0.9843593929446781,-0.5354401841669267,0.02884660900931996,-0.1570755557581291,0.49842738979510237,-0.1701427543512449,0.0,-0.5177248065784306,0.004910394189444021,0.1326201578755023,0.5193204998339288,-0.2742061564021276,0.0
-0.026695999762006258,-0.019357735565579508,0.3595893744754636,0.006162472327610118,-0.007996469357764392,0.17386531654688686,0.9847176915820461,-0.5988756868826386,0.025059565404367063,-0.15760449311537247,0.5439544769314189,-0.18346971557128533,0.0,-0.581026947429728,0.003395145354298886,0.12588030724441102,0.5664499835098419,-0.2777635188658088,0.0
-0.02722670374309356,-0.020304818941145452,0.3557818246416047,0.005634355542424841,0.0036393528684861348,0.17332175594266122,0.984842412807894,-0.6549274231032568,0.020362854808893046,-0.15938605264007316,0.584684138580239,-0.20183304849705994,0.0,-0.6363937248683105,0.0021512781589542586,0.1197046837740051,0.6085352893609737,-0.28228753796634365,0.0
-0.028052256502846633,-0.021050387592426372,0.35229770899928836,0.005273376736292909,0.013490809766178356,0.17204011497177982,0.9849834457442157,-0.7038745748553424,0.014995955947524007,-0.16290269939489976,0.6167269324095117,-0.2177373761772329,0.0,-0.6844548059361056,0.0016672083229679968,0.11543769871009966,0.6411523588233512,-0.29054173067825273,0.0
-0.029040537541187957,-0.021896236796781373,0.34812808712750826,0.004445917672517716,0.02683738811016812,0.17252296164624742,0.9846297863259472,-0.7664544760077387,0.0071881806720942645,-0.16813856698736773,0.6611536639487773,-0.22614111699620384,0.0,-0.7459174810247233,-0.0003479798881684494,0.11298434661852365,0.6834391039506147,-0.28560863093639,0.0
-0.02947595264207333,-0.022947516447724112,0.34479636831141136,0.005162911561335725,0.031452117768689614,0.1718730053651838,0.984603361084459,-0.8000225180917936,0.0056834888224387755,-0.17224216983345225,0.6897573614286493,-0.23552615129997215,0.0,-0.7780545732389837,-0.0008850468312553618,0.11054968194336649,0.7122073563779281,-0.28858905107289873,0.0
-0.02927046858499656,-0.023449939296369057,0.34012180428884287,0.0042690469952417895,0.047595916424078254,0.17209447100009206,0.9839206761872133,-0.870330902931968,7.311951371403265e-05,-0.17259448350138099,0.7396110405591118,-0.2633522241277459,0.0,-0.8469304351201035,-0.004757091557579911,0.10418373286109765,0.7594059971929153,-0.3023332356714945,0.0
-0.02854964902663631,-0.023882938607400282,0.33605751487892865,0.004223877511606107,0.059679682121379585,0.1719485509544672,0.9832874402865711,-0.9238032118068313,-0.005584029050201093,-0.17492479628122495,0.7815689673481933,-0.2863186396539326,0.0,-0.8983043300441257,-0.005525443771396941,0.10103085104508569,0.7979334975252518,-0.3189525338884755,0.0
-0.028375075023781105,-0.024489121967619095,0.3315454237160254,0.004964227372732477,0.06801899932544252,0.17152231760998451,0.9828168022266698,-0.9734910844795592,-0.01028777888392611,-0.17625432622459158,0.8264980068979549,-0.3051889530839607,0.0,-0.9457875378990268,-0.009528783855430335,0.09694019387982081,0.8399631227390729,-0.3278121777125973,0.0
-0.02780453689119533,-0.024828291178386027,0.32694798897487864,0.006072057402648967,0.0752829701446966,0.17129715923011798,0.982320155430389,-1.0199073146964988,-0.017989770790465126,-0.1767646456086049,0.8725811843666205,-0.33173639470424243,0.0,-0.9887270997321274,-0.010441095694534164,0.09721892688894834,0.8819987333699773,-0.34103529778207947,0.0
-0.02780047467498561,-0.0251563900909576,0.32210752813701765,0.007711597765970887,0.0810937739996106,0.170190882114836,0.982038387601712,-1.0663366964343437,-0.026028941258697,-0.18038770263507425,0.9190912091891862,-0.35013965048894025,0.0,-1.0311734329131124,-0.008114738027627645,0.102171803683265,0.9243553861769759,-0.35618999225820314,0.0
-0.02716149357641281,-0.024595074321385902,0.31729282622982335,0.007066138876053389,0.08515368149617415,0.16970769662778165,0.9817831827416509,-1.1058210986000876,-0.03386284585666675,-0.18156305987748803,0.9660327385381234,-0.37693129056954994,0.0,-1.0693760877244138,-0.0019389473689362408,0.10605113535996587,0.9708107282455102,-0.3812028285572627,0.0
-0.027773411012523647,-0.02507027298334191,0.3117710146377026,0.008783083414162464,0.08731803017648068,0.16931709569679249,0.9816466473006686,-1.1509011092147303,-0.0383138723092574,-0.18332845904944042,1.0186851536159525,-0.37867220188474354,0.0,-1.112003404535296,-0.003453843261525919,0.10573604740893418,1.0207308417429124,-0.38110622384602294,0.0
-0.027558962827172143,-0.024681833871128333,0.30645359679304135,0.008517304489475436,0.08839822597162136,0.16779076344159957,0.9818143759759221,-1.1878373369536888,-0.045783333893952075,-0.18952679144189255,1.0681716499632758,-0.39228293045722057,0.0,-1.1492075032371702,0.00047180720792557235,0.10764420751565705,1.071790917315081,-0.39665441649234495,0.0
-0.027493208210592715,-0.024626015730692872,0.30103920645112897,0.009971365825277963,0.08843992435982996,0.16631102028780997,0.9820486730165845,-1.2251078398008828,-0.04940476297894749,-0.1918037254303317,1.1177574369051022,-0.4028554247735043,0.0,-1.185015841691208,-0.0011916648965559068,0.10828715105794093,1.1209755632012468,-0.40744672203288956,0.0
-0.026913847397350435,-0.024126500921981958,0.295654613621388,0.010406095451939497,0.08874046280979113,0.16546091040315372,0.9821606439713971,-1.2608753978349112,-0.05338864143819327,-0.1918786397880037,1.1700991873619708,-0.4108016734075425,0.0,-1.2203522292631108,5.4763531123676876e-05,0.10967814404900326,1.1730475810439918,-0.4190608335978858,0.0
-0.0272535454733748,-0.02333864459077116,0.2903691814686366,0.010177767498198513,0.08487677914546882,0.1648434361389676,0.9826082571261768,-1.2893490668078817,-0.0614852054944354,-0.1925663632462985,1.2165056842490236,-0.41994990461709536,0.0,-1.2494397040882899,0.006742792918155748,0.11759523088155777,1.220348827901919,-0.4343181929248425,0.0
-0.026991794715819546,-0.023116096848418775,0.2850997325481417,0.011523317666337093,0.08233715846553813,0.16417874919071515,0.9829207210146477,-1.3198207290787598,-0.06637889777219867,-0.19301631776540837,1.2641455316245667,-0.4261815044488163,0.0,-1.2786955101578263,0.011113907226191013,0.12002862252146863,1.268146125238218,-0.444448740697158,0.0
-0.026741866140775616,-0.02272419460120815,0.28000901871537864,0.013417116027347303,0.07808634320958673,0.16356760571905127,0.9833453830475849,-1.3460563860123642,-0.07149690537309462,-0.18876860294998893,1.3094180077746393,-0.43981578570907254,0.0,-1.303072140582882,0.013165295260864506,0.12378784748316587,1.3131161193606629,-0.4532096890481865,0.0
-0.02691260441052994,-0.02207511184738512,0.27503231252112487,0.013880013377645927,0.07159521144271135,0.16394837129512874,0.9837694864533998,-1.368104920701807,-0.07553253748062284,-0.18497481588981587,1.3527393360086715,-0.4458803427604561,0.0,-1.32549044887743,0.015567533556126341,0.12813051160361716,1.3569880561230658,-0.4593176857387012,0.0
-0.027511253265510974,-0.021701028224135513,0.27016177951717446,0.015247315038357297,0.06163957989759486,0.16492523188748043,0.9842600009453962,-1.3834850671090073,-0.08146567149289888,-0.18267249524686113,1.3941696332504034,-0.44756625466297395,0.0,-1.3412782871023403,0.01780473537464885,0.1362274664497995,1.3971446955221594,-0.4593825886109519,0.0
-0.026857037648933303,-0.021281630805855368,0.26571914137056163,0.017736877087467552,0.05514975150919216,0.16454151164094344,0.9846674560716289,-1.4002316643084087,-0.08470008998498277,-0.17829580823757368,1.435295583404385,-0.4572147685064114,0.0,-1.3540871597812525,0.020663485226072743,0.1413094525450411,1.436568383223735,-0.46301285086480826,0.0
-0.026853502738997184,-0.02103976436972666,0.26147010983830066,0.019416845681806263,0.047121301956519555,0.16537604845976872,0.984912854826012,-1.4144422082338135,-0.0881311869702809,-0.17456137841755698,1.4718437352747271,-0.46085918557413574,0.0,-1.367202825240237,0.020985548472785113,0.14410821035496804,1.471230959991539,-0.4620678861786963,0.0
-0.026605179987361952,-0.020657103139397264,0.2576749527348252,0.02072426859944094,0.04035563179439509,0.16584112734586842,0.9851084448699778,-1.426905900468738,-0.0920930850266699,-0.17173388175270274,1.5043940438276013,-0.46643204306333935,0.0,-1.3785385460279396,0.020894341234400808,0.14648738559680605,1.5025697071424284,-0.46160369201409546,0.0
-0.026773766493733475,-0.02018577798236856,0.2543397609741685,0.02151557464738359,0.031992129634258966,0.16587550673651777,0.9853927643097254,-1.4347933556039145,-0.09568717309861435,-0.16790635752566174,1.5319203846994212,-0.4684609989652958,0.0,-1.3846217181168061,0.024095927390412074,0.15081548611238887,1.5282365741511625,-0.4646479530422214,0.0
-0.02706405516372682,-0.02001429521016248,0.2513773205608771,0.0232076825275253,0.023476254779603686,0.1664604363336632,0.9854954043874746,-1.4409798460081715,-0.09736133644225417,-0.16215340923068206,1.5570797439962119,-0.46638921799081984,0.0,-1.388141193945613,0.02413114217857646,0.15306376215789072,1.550618868023316,-0.45975697566608326,0.0
-0.02781402148293225,-0.01981281535262636,0.24894163757551796,0.023985575117881627,0.013902233291342067,0.16771089159179242,0.9854463338697164,-1.4421220398786134,-0.09971959214606456,-0.1571351869001692,1.5772498038212928,-0.45821023846803416,0.0,-1.3887883687135267,0.023195670454315115,0.15625758891287114,1.5680434150327582,-0.4501319467489335,0.0
-0.02823075403832999,-0.019560177425926622,0.247263299814477,0.024420168594693745,0.006637530026878954,0.1688477982542595,0.9853172177454521,-1.4407422746639806,-0.10254057557979591,-0.1526785281434458,1.5927672467342546,-0.451330316698467,0.0,-1.387609318815732,0.02168613630631923,0.15743737672629174,1.581405799018931,-0.44225255212427783,0.0
-0.028726115716788958,-0.019333370360078837,0.24611752334839518,0.024421582520215597,0.0011843066101663686,0.16929856865063458,0.9852614771612198,-1.4394319145939973,-0.10408585421924713,-0.15029859939218024,1.603249525589917,-0.4414469224131437,0.0,-1.3865111474891143,0.02061706976020007,0.15969310468004033,1.5909083980068324,-0.43236915048112357,0.0
-0.028898264189437774,-0.01922781437134692,0.24559737308617474,0.024278372378952598,-0.0015911553999631797,0.1705097565911386,0.9850555577054291,-1.4378157600925505,-0.10549247408341006,-0.14765964766004583,1.6086707395967168,-0.4383510772111389,0.0,-1.3854745568693116,0.020141445524292007,0.16082998472198634,1.5948178349688018,-0.4278846775483941,0.0
-0.02915584847019969,-0.019230043380034267,0.24539726384113467,0.023932273050575333,-0.004182468876817485,0.17272441130385624,0.9846705190064668,-1.4344670446856171,-0.1059086930722391,-0.14395507451420497,1.6120464451339105,-0.4352745046726687,0.0,-1.3838834836507161,0.01818167854395162,0.16169069812118012,1.5952957102959222,-0.4248070032741004,0.0
-0.029220769034097087,-0.018964663477740052,0.2457386931423258,0.02259471840597875,-0.004202028547718349,0.17391083089448106,0.9844931917254843,-1.431528768006812,-0.10579245027912741,-0.13918710849870075,1.609111900492246,-0.4407160358215511,0.0,-1.3832368983365149,0.015051205640068725,0.159657973503755,1.5915900106332144,-0.42883067233150113,0.0
-0.029093491635239267,-0.01911696904767176,0.24673248252783936,0.02206808523220471,-0.002242383107451264,0.17617310038080933,0.9841092470017738,-1.4271435625620363,-0.10543477920117714,-0.1350612274920131,1.601183776902402,-0.45238561846685965,0.0,-1.3816153805628704,0.010940342932303377,0.15676559389188088,1.581188265907792,-0.4360766709473631,0.0
-0.029156606297686277,-0.019597984079129088,0.24838013059755504,0.021912294588929567,0.0005247301135293666,0.17843021957226932,0.9837084083952667,-1.4217461275070067,-0.10260009773333041,-0.13204476361401574,1.5898268195978724,-0.4575815405757188,0.0,-1.3787518647656474,0.0070644686350443756,0.1530169876329476,1.5668329863038677,-0.43871638342016295,0.0
-0.02936987272154341,-0.019978796792161357,0.2510273663741747,0.02123118520700171,0.0046320181836706,0.18076703978951159,0.9832858478123189,-1.4110088458679235,-0.10000894347318975,-0.1299032252111884,1.5727885795059584,-0.45591434697293187,0.0,-1.3711694152608735,0.0012718006771861232,0.15103986738673522,1.5463464872581507,-0.43505032330027726,0.0
-0.030227481016574777,-0.020483770413994934,0.25484245656139437,0.019500444170204266,0.00933866353399742,0.1842315064583673,0.9826450397110065,-1.395166574259383,-0.0978965514366496,-0.1299752747559401,1.5445902801624016,-0.4484236782119938,0.0,-1.3602888240000774,-0.003894414806155817,0.15250888617607689,1.5129242762015709,-0.42827392161100286,0.0
-0.03118421278274792,-0.02113102112408848,0.25973599567345573,0.017735199047820605,0.014485600149464543,0.18827951365644208,0.9818484887396521,-1.3716481862431948,-0.09472257889321022,-0.1320406912709019,1.5105170930175278,-0.42983680735114604,0.0,-1.341488284390917,-0.010845420984092195,0.15539401620691676,1.4735404644278636,-0.4079320820443613,0.0
-0.032112916268350375,-0.021829629867973935,0.2658537182014242,0.01622195198503596,0.021417831000572173,0.19061809114827247,0.9812965240517344,-1.343700467483129,-0.09395804358790887,-0.13744622236685766,1.463284653946463,-0.41054979987503076,0.0,-1.3173241575622918,-0.019194299795641384,0.1562175877582075,1.4232697342143847,-0.3849110081596433,0.0
-0.03290572843163936,-0.02260844443084144,0.27297195623115605,0.014857984791263395,0.02908849168268875,0.19226736701287453,0.9807988374389045,-1.3103277165249994,-0.08939373274488446,-0.14376834930476287,1.4086257749826738,-0.38532202418221223,0.0,-1.2875406316985076,-0.030628753362254124,0.1534485120601995,1.3663266187639203,-0.3550358624496291,0.0
-0.03355753470127278,-0.023510579606086178,0.28082683353787996,0.01360687908833188,0.03545310687210517,0.19453248323840908,0.9801607230549948,-1.2679976687096843,-0.08687680981169468,-0.15374127948462493,1.348963957411899,-0.35243466708339094,0.0,-1.2495638224449883,-0.03824640620944065,0.1527583139811088,1.303520410352601,-0.3195852361304489,0.0
-0.03520540187085407,-0.02392328414646295,0.2893827906642174,0.009910105273833753,0.03923010171486211,0.1975135861551489,0.9794647376077595,-1.2199842443202433,-0.07843240560252848,-0.1583116918050673,1.2764470987350167,-0.31499274306495006,0.0,-1.2076011842543473,-0.048071515908551965,0.1527175638630805,1.2297855043868235,-0.2827640811228513,0.0
-0.03577163007040004,-0.024506795993461897,0.2985545834332227,0.008106239747036312,0.04260490848624071,0.19921730742294386,0.9789951864402585,-1.163864500094016,-0.07107978159365702,-0.1667815189332046,1.1989745481826382,-0.2781901847666344,0.0,-1.1553066531075216,-0.0557030291874738,0.14937482428714463,1.1525953789106325,-0.24853106574880354,0.0
-0.0364370422395504,-0.02462369519547579,0.3079599111710301,0.005925318157571705,0.04221624548761564,0.20029932913134774,0.9788068542726878,-1.0991212761463063,-0.06212117349814864,-0.17239045142233422,1.1144016359767595,-0.2457086021682564,0.0,-1.0937819441806844,-0.06374096869955323,0.1467552632200549,1.0723663418809268,-0.21113670472797957,0.0
-0.03739374248825484,-0.024400983298713878,0.3192756069628986,0.0031724650706231785,0.03174488936245732,0.2009585811933596,0.9790801019883381,-0.9935738643967875,-0.048185077137418424,-0.18495092226027302,0.9974135824331708,-0.19038653481047726,0.0,-0.9949782216530114,-0.06984379344097678,0.13847252439443172,0.9630629213318792,-0.1615871239850111,0.0
-0.03728880848787545,-0.02420812208588864,0.32761358936780377,0.001159587040250315,0.027611969943844343,0.20182059452499593,0.9790325235145638,-0.9265593472744564,-0.039098515389068014,-0.19351503227960237,0.9268598165289441,-0.15650680545318804,0.0,-0.9331125557955756,-0.07399881064001919,0.13304461312285062,0.9018618253309034,-0.12543419580276244,0.0
-0.03738392442756076,-0.023181606361841148,0.3386805482218325,-0.0007247842684641643,0.01177337421210116,0.20029980802283565,0.979663640875501,-0.8088330702451365,-0.02165727967877503,-0.20214980346522804,0.8036161682663656,-0.10660985702439456,0.0,-0.8208649373036415,-0.07582320111084166,0.12529474208080432,0.7944395797201097,-0.08029284576594839,0.0
-0.036974676255418136,-0.02168221269637416,0.3485974036989071,-0.002828024245951564,0.0020586865932861157,0.19770110719423623,0.9802561075058648,-0.7121785750136336,-0.004904319220078826,-0.2071556030103732,0.694423113916679,-0.056936164350806805,0.0,-0.7272225880861922,-0.07662322414755658,0.12179545371279134,0.6977464899775526,-0.04341258901563811,0.0
-0.03665152368663391,-0.020165960609810345,0.3579414380977472,-0.004069837291252438,-0.009024392930830332,0.19327995299164594,0.9810937042546964,-0.6144775152935003,0.011851764257279735,-0.2146971455979557,0.5852214609757601,0.0035640599231753813,0.0,-0.6324173484254059,-0.07632972628156727,0.12031816328925063,0.6050442787364737,0.004300166986310829,0.0
-0.03555596167946728,-0.01878492292208701,0.36704820895474,-0.005405553259231348,-0.01713439271023674,0.1924822799644654,0.9811359561651465,-0.5200121211041508,0.030671235493083888,-0.21455810238700876,0.47272964612890966,0.0677279436304369,0.0,-0.5410390602334507,-0.07953558932726479,0.11578967601029952,0.5043163930123039,0.052173114004311245,0.0
-0.03417229725642728,-0.017882891576424444,0.3757880827795685,-0.006617001334772131,-0.022844753324677617,0.1895881135388725,0.9815756108133707,-0.428100088131042,0.049363566189991305,-0.2191866552617397,0.34808524282622527,0.12909282408650322,0.0,-0.45050237511313407,-0.07903822421185741,0.11353853324765231,0.39501455923660483,0.09331532754696721,0.0
-0.03248284808263938,-0.016901333181788828,0.38349019755552005,-0.005728399932330036,-0.03144156549563411,0.19123917703417548,0.9810230326351619,-0.33247641891149105,0.06255348595944915,-0.217906982403602,0.22629759530860727,0.18574237527125864,0.0,-0.3522125594811752,-0.08216423488044136,0.10907581049807114,0.2778555269685651,0.13148505838521057,0.0
-0.03020268973289785,-0.015772535738965233,0.39078157023847243,-0.0067474648880453845,-0.03431805788055029,0.1922243718792036,0.9807275531341704,-0.24132673973596466,0.07984405060638976,-0.2034552000989696,0.07988270921229348,0.2287155531951037,0.0,-0.25534778774704986,-0.0829710191999053,0.10285279345335652,0.14041914324429816,0.14702793628265984,0.0
-0.027908435577680173,-0.014504503726227656,0.3962126237088093,-0.005925940068271096,-0.03810990450827883,0.19726151403164313,0.9795919627552181,-0.1529965351501613,0.0889106366252254,-0.2017225647545692,-0.06355724499385922,0.2624048745077695,0.0,-0.16882820195314777,-0.08765665779033104,0.10461468166826354,0.018332927005562397,0.17416609730629332,0.0
-0.025665047014447974,-0.013577482604212153,0.40110129796280386,-0.003673489635896468,-0.04484662111622266,0.20221802809183856,0.9783062685902615,-0.05791907672832411,0.1034576275497747,-0.1750945427496059,-0.212380576550353,0.3234515990605268,0.0,-0.06164825768065293,-0.09421463719947143,0.09829454060145468,-0.14290085176849265,0.23173499970723752,0.0
-0.023450411883615067,-0.012589495281879528,0.40466939544743097,-0.003702081749217349,-0.04799762141411663,0.2143157283093471,0.9755774144210919,0.016670353037912793,0.1124554555001319,-0.1640944790946573,-0.32423061679384285,0.36983322973144894,0.0,0.02293926246765666,-0.10183671199576107,0.10285881662067621,-0.2794913091986831,0.2869474612341265,0.0
-0.02114365826704762,-0.011552045144022567,0.40716930092059805,-0.0029368160060833214,-0.04682781871434864,0.22088103727660402,0.9741714930533604,0.08045235839586909,0.1256616429918778,-0.1669193564023603,-0.4191467064515603,0.4097013685917467,0.0,0.09383320921380918,-0.10952527926830916,0.11631404224756225,-0.39022596330881026,0.3389451827876634,0.0
-0.018625036378687936,-0.010462956306866023,0.40871301090416995,-0.0039545176837661195,-0.04907852101043627,0.2318255140588622,0.9715104691132571,0.13808584547605138,0.1380805847967639,-0.16274929973688146,-0.4842010547222064,0.4383196016526399,0.0,0.15256080140058825,-0.116375190974704,0.113151132735632,-0.46911572245950695,0.38752138084274257,0.0
-0.01311765431618921,-0.01075133503234704,0.40962675756923583,-0.00011386949819100056,-0.051460874494218795,0.24269600321531531,0.9687365046561108,0.18570316871900397,0.14364794215675425,-0.15537807656375877,-0.5217326090636674,0.43549083977541475,0.0,0.20228767324686922,-0.11794910488120405,0.1149789160235768,-0.5169593446239633,0.409449933238317,0.0
-0.007454575895206649,-0.009540179208538275,0.4101302494098402,0.0024964552913972807,-0.05267924806788174,0.25081268534457585,0.9665979833437596,0.21876282968188085,0.14365377500375542,-0.15230631614678863,-0.5352933973367631,0.41202402303979446,0.0,0.23796766500210487,-0.11778035595039092,0.10952585611129391,-0.5424323607918161,0.40233491528014315,0.0
-0.0031371990319063,-0.009025414618436653,0.4103121514573883,0.005751446219551113,-0.05573125811235492,0.25679148571601745,0.9648414795184531,0.24105466563864242,0.14082577789392378,-0.14587021836366515,-0.5339472935408056,0.37987090951731195,0.0,0.26215948245975057,-0.11438979426725712,0.10935560921967497,-0.550136149994383,0.3854271928489741,0.0
0.0016161193085539132,-0.007601582552418597,0.41044307258435075,0.00837068593960295,-0.05807099277814592,0.2620538332464192,0.9632681246130376,0.2633747129707663,0.13722626196480114,-0.14746326769390858,-0.5334807394133885,0.3373300374749158,0.0,0.28423699907747,-0.11177404289803679,0.11070672432492797,-0.5541822192068253,0.3587777218310166,0.0
0.007831585801959019,-0.00721505149229225,0.41051769989681947,0.012282478061569936,-0.05751094485186534,0.2665870302604791,0.9620150660212191,0.2850776637420194,0.13879167204420076,-0.15527526895369242,-0.5396481935140031,0.29189733288218506,0.0,0.30124086373737125,-0.10714916159701803,0.11632918915468704,-0.5518066223165804,0.33242188713067805,0.0
0.012051891510044724,-0.006053620733247158,0.4104713556766778,0.01437519231813947,-0.05807252272148408,0.2716636804334781,0.9605309889243113,0.3040245039807434,0.1374000241602574,-0.16121016590485368,-0.5449284429601996,0.2562677214189135,0.0,0.31571640438952675,-0.1039607006491906,0.1171346646383542,-0.5529906915049725,0.3072381991583071,0.0
0.014367624035023072,-0.005614570600805354,0.4103093361749905,0.016682174803214184,-0.06071298385360413,0.2789654122245876,0.9582348028629476,0.3172178131197453,0.13412799651580726,-0.16903291589804137,-0.5417370769662273,0.2245588716666617,0.0,0.32563799155893025,-0.10210121684371685,0.1075546377463677,-0.5505846659041024,0.29012708695335576,0.0
0.01686570887211897,-0.005485331551846635,0.41018647886598697,0.019253161898382172,-0.06274657433501774,0.284702646339722,0.9563663452533724,0.3249319654759689,0.13240845159827433,-0.17970249589179957,-0.5291852737846754,0.19474172395215456,0.0,0.3344413333098162,-0.10146607245179598,0.10701351970409413,-0.5446266273271791,0.27752218835768355,0.0
0.018546284583974372,-0.0036674600353898794,0.41014401671352235,0.01936213933409498,-0.06564768401225372,0.29257394377141305,0.9537903210718144,0.341897960370875,0.13159516806632923,-0.19298713756320404,-0.529154294735574,0.1790369172932275,0.0,0.34704115641223193,-0.10223181195979701,0.11256303934341483,-0.5466751487567455,0.26489946427333255,0.0
0.01913295599380934,-0.0035201045867635315,0.4101006915976048,0.02060821467053095,-0.06727036227943652,0.29941037430521544,0.9515268927388736,0.3484296322191082,0.12988110358260152,-0.20020197307636226,-0.5278290843130873,0.162850041424325,0.0,0.34772563603975687,-0.10116465903322568,0.11331150277274718,-0.5409050954605018,0.2582210732757939,0.0
0.02061779262887715,-0.0025343219791515528,0.4100361737999335,0.019833422856114596,-0.06528084034680876,0.3081167189527013,0.9488989064822687,0.351306531135733,0.13049532967209257,-0.2071714681928357,-0.5257968317428277,0.14983907411656183,0.0,0.34715794712628967,-0.10030176609383208,0.10896540567026727,-0.543580193880378,0.25104764147448394,0.0
0.023388777776159192,-0.0020983934439190357,0.4100017228598616,0.02105961989545172,-0.06155663829775616,0.3158266959330424,0.9465837368280496,0.35637643509042155,0.12992160256035235,-0.20857697256368082,-0.5296677727748269,0.13090260201204076,0.0,0.3476659319070459,-0.0986169763742492,0.09171940412030018,-0.5451515415415228,0.24838289540744435,0.0
0.024986606788933965,-0.00144972481855179,0.4099423042536808,0.021503037345197873,-0.060193021108630805,0.3193817257151375,0.9454679967476245,0.35981380341464764,0.1281380879583824,-0.21144645526558803,-0.5295621534790204,0.11412248795916918,0.0,0.34922102687185375,-0.09759628926509839,0.07855347116285206,-0.5444124043109979,0.24336458791609644,0.0
0.026209380205346865,0.00038762805782822907,0.40984294419622935,0.02072058328669298,-0.05822938303399217,0.32825109678462855,0.9425662914826874,0.36824726657433343,0.12630024595979028,-0.21489111685102114,-0.5374355376196697,0.10114307197925815,0.0,0.34673893915354287,-0.0981870750990858,0.06431942782390061,-0.5420560336388449,0.23218904566291088,0.0
0.025066961958746536,0.00015134364103306752,0.40970045436295904,0.020815103638500445,-0.06052830214097202,0.33205598159727484,0.941085480275792,0.36797863374479917,0.12427138931506085,-0.21519818327923151,-0.5367544931640857,0.08884214397821223,0.0,0.3405641048749763,-0.09606307659442172,0.053938490905606276,-0.5354514953563665,0.22021948813376674,0.0
